{"type": "FeatureCollection", "features": [{"type": "Feature", "properties": {"district": "Almora"}, "geometry": {"type": "Polygon", "coordinates": [[[79.8422, 29.4236], [79.8261, 29.4227], [79.8253, 29.4292], [79.8108, 29.4352], [79.8, 29.4339], [79.7919, 29.4403], [79.7889, 29.4459], [79.7828, 29.4462], [79.7794, 29.4487], [79.7745, 29.4447], [79.7699, 29.4451], [79.7691, 29.434], [79.7671, 29.4321], [79.752, 29.4315], [79.7472, 29.4262], [79.7443, 29.4262], [79.742, 29.4304], [79.7397, 29.4276], [79.7396, 29.4297], [79.7361, 29.4289], [79.7359, 29.4325], [79.7334, 29.4326], [79.7347, 29.4339], [79.7314, 29.4354], [79.7315, 29.4399], [79.7294, 29.4402], [79.7291, 29.4459], [79.7338, 29.4512], [79.7349, 29.4586], [79.7266, 29.4543], [79.7183, 29.4549], [79.7173, 29.4592], [79.7133, 29.4565], [79.7063, 29.4643], [79.697, 29.4682], [79.694, 29.4668], [79.6943, 29.4715], [79.6888, 29.4758], [79.6876, 29.4842], [79.683, 29.489], [79.6819, 29.4946], [79.6864, 29.502], [79.6842, 29.5032], [79.684, 29.5134], [79.6866, 29.5162], [79.6837, 29.5173], [79.6821, 29.5247], [79.669, 29.5293], [79.6649, 29.5382], [79.657, 29.5383], [79.6504, 29.5438], [79.6362, 29.5376], [79.6313, 29.5484], [79.6168, 29.5529], [79.6005, 29.5456], [79.5936, 29.5461], [79.5859, 29.5404], [79.57, 29.5353], [79.5523, 29.5376], [79.5531, 29.5468], [79.5433, 29.5461], [79.5379, 29.5417], [79.534, 29.5449], [79.5303, 29.5443], [79.5247, 29.5175], [79.5141, 29.5026], [79.5074, 29.4996], [79.5034, 29.4929], [79.4987, 29.4986], [79.4947, 29.4989], [79.4874, 29.4938], [79.48, 29.4925], [79.4826, 29.4995], [79.4807, 29.5031], [79.476, 29.507], [79.469, 29.5065], [79.4645, 29.5139], [79.4529, 29.5133], [79.4518, 29.5165], [79.4455, 29.5204], [79.4417, 29.5351], [79.4364, 29.5365], [79.4269, 29.5476], [79.4142, 29.5535], [79.4118, 29.5593], [79.407, 29.558], [79.4056, 29.5606], [79.4014, 29.5603], [79.3998, 29.5657], [79.3974, 29.566], [79.3951, 29.5711], [79.3901, 29.5719], [79.3884, 29.5762], [79.3769, 29.5797], [79.3661, 29.5875], [79.3526, 29.5896], [79.3499, 29.5927], [79.356, 29.5969], [79.3507, 29.6036], [79.3434, 29.6036], [79.3363, 29.609], [79.3338, 29.6094], [79.3284, 29.605], [79.3253, 29.5994], [79.31, 29.5978], [79.3015, 29.5867], [79.296, 29.5851], [79.2888, 29.5865], [79.2891, 29.5736], [79.2766, 29.5706], [79.2674, 29.5599], [79.2542, 29.5515], [79.2432, 29.5336], [79.235, 29.5342], [79.2358, 29.528], [79.2242, 29.5184], [79.2196, 29.5183], [79.2156, 29.5223], [79.2011, 29.5202], [79.1903, 29.5304], [79.17, 29.5313], [79.1492, 29.5363], [79.143, 29.5495], [79.1358, 29.5455], [79.1239, 29.5454], [79.1104, 29.5412], [79.1128, 29.5542], [79.093, 29.5647], [79.0933, 29.5697], [79.0813, 29.5785], [79.069, 29.5764], [79.0619, 29.5785], [79.0597, 29.5761], [79.0399, 29.581], [79.0434, 29.5864], [79.0476, 29.5878], [79.0571, 29.5831], [79.0631, 29.5848], [79.065, 29.5956], [79.0616, 29.6], [79.0646, 29.6019], [79.0645, 29.6075], [79.0673, 29.6084], [79.07, 29.6134], [79.0695, 29.6174], [79.0739, 29.6185], [79.081, 29.6129], [79.0832, 29.6235], [79.0874, 29.6284], [79.0834, 29.6297], [79.081, 29.6361], [79.09, 29.6594], [79.0994, 29.6703], [79.1037, 29.669], [79.1061, 29.6639], [79.1045, 29.6588], [79.1083, 29.6568], [79.1113, 29.6613], [79.1116, 29.6726], [79.1186, 29.6794], [79.1164, 29.6814], [79.1171, 29.6878], [79.1151, 29.689], [79.1127, 29.6875], [79.1097, 29.6897], [79.1076, 29.6952], [79.1152, 29.7004], [79.1181, 29.7059], [79.1223, 29.7062], [79.1231, 29.7098], [79.1236, 29.7155], [79.1215, 29.717], [79.1185, 29.7158], [79.1204, 29.7199], [79.1109, 29.7299], [79.1105, 29.7358], [79.1132, 29.7393], [79.1124, 29.7504], [79.1147, 29.7554], [79.1122, 29.7728], [79.1176, 29.7665], [79.1227, 29.7687], [79.1261, 29.7715], [79.1295, 29.7807], [79.1268, 29.7831], [79.1259, 29.7922], [79.1209, 29.7989], [79.1225, 29.8063], [79.1169, 29.8138], [79.1133, 29.828], [79.1045, 29.8326], [79.0987, 29.8456], [79.0934, 29.8473], [79.0896, 29.852], [79.0693, 29.8591], [79.0728, 29.8688], [79.0794, 29.8734], [79.0815, 29.8824], [79.0929, 29.8891], [79.1032, 29.8865], [79.1082, 29.8898], [79.122, 29.8917], [79.1286, 29.8976], [79.1295, 29.903], [79.1419, 29.9033], [79.1614, 29.9125], [79.1672, 29.9114], [79.1744, 29.9037], [79.1796, 29.9038], [79.1915, 29.9196], [79.195, 29.9407], [79.1999, 29.9424], [79.207, 29.9359], [79.211, 29.9394], [79.2165, 29.9364], [79.2238, 29.9425], [79.2296, 29.9431], [79.2283, 29.948], [79.2338, 29.957], [79.2345, 29.9638], [79.2271, 29.9757], [79.2399, 29.9725], [79.2476, 29.9679], [79.2524, 29.9574], [79.2575, 29.9599], [79.2676, 29.9569], [79.2738, 29.9576], [79.2833, 29.9486], [79.2871, 29.9476], [79.2853, 29.9397], [79.2879, 29.9339], [79.2838, 29.9218], [79.3095, 29.9273], [79.3194, 29.9235], [79.3266, 29.9259], [79.3278, 29.9354], [79.3373, 29.9392], [79.3322, 29.9486], [79.3296, 29.9684], [79.3406, 29.9691], [79.3471, 29.957], [79.3589, 29.9448], [79.3594, 29.9389], [79.369, 29.9344], [79.3763, 29.923], [79.3889, 29.9251], [79.3921, 29.9303], [79.409, 29.9392], [79.419, 29.939], [79.4221, 29.9317], [79.4264, 29.9311], [79.4347, 29.9386], [79.4387, 29.9492], [79.4491, 29.952], [79.4516, 29.9621], [79.4662, 29.9681], [79.4687, 29.9743], [79.4749, 29.9758], [79.4814, 29.9713], [79.4863, 29.9713], [79.4908, 29.9657], [79.4894, 29.9584], [79.4841, 29.9538], [79.498, 29.9429], [79.5017, 29.9434], [79.51, 29.9314], [79.5086, 29.928], [79.501, 29.9296], [79.5025, 29.9228], [79.5065, 29.9195], [79.5052, 29.9087], [79.5071, 29.9014], [79.5063, 29.8965], [79.5018, 29.8947], [79.497, 29.8879], [79.5004, 29.8826], [79.5051, 29.8806], [79.5112, 29.8703], [79.5112, 29.8625], [79.5517, 29.8533], [79.6023, 29.8325], [79.6417, 29.8364], [79.6527, 29.8271], [79.6676, 29.832], [79.6812, 29.8262], [79.6869, 29.8073], [79.7035, 29.7896], [79.7036, 29.7801], [79.6984, 29.7623], [79.7097, 29.7444], [79.7177, 29.7369], [79.7231, 29.7349], [79.7239, 29.7282], [79.7306, 29.7262], [79.7377, 29.7149], [79.7578, 29.7015], [79.765, 29.6912], [79.7653, 29.6775], [79.7698, 29.6745], [79.775, 29.6745], [79.7804, 29.671], [79.7978, 29.6699], [79.801, 29.6663], [79.8208, 29.6931], [79.8211, 29.6966], [79.8243, 29.6989], [79.8285, 29.698], [79.831, 29.7056], [79.8365, 29.7048], [79.8357, 29.7085], [79.8411, 29.7133], [79.8636, 29.7112], [79.8675, 29.7078], [79.8691, 29.7113], [79.8726, 29.7124], [79.8856, 29.7095], [79.8962, 29.7097], [79.8913, 29.7029], [79.8918, 29.7001], [79.8975, 29.7007], [79.9059, 29.6943], [79.9104, 29.696], [79.9209, 29.6929], [79.9276, 29.6961], [79.9304, 29.6909], [79.9414, 29.6845], [79.9446, 29.6774], [79.9483, 29.6821], [79.9611, 29.6729], [79.9598, 29.6648], [79.9658, 29.6599], [79.9608, 29.6525], [79.9723, 29.6443], [79.9725, 29.6389], [79.9847, 29.6205], [79.9859, 29.6122], [79.9905, 29.6097], [79.9902, 29.6036], [79.9952, 29.5902], [79.9941, 29.5844], [80.0009, 29.5686], [80.0014, 29.5571], [80.0082, 29.554], [80.0131, 29.5479], [80.0335, 29.548], [80.0387, 29.5449], [80.038, 29.5414], [80.0439, 29.5383], [80.0495, 29.5377], [80.0521, 29.5418], [80.0686, 29.5345], [80.067, 29.5245], [80.0805, 29.5179], [80.0538, 29.5074], [80.0335, 29.5052], [80.032, 29.496], [80.0211, 29.4893], [80.0059, 29.4844], [80.0028, 29.4809], [79.9969, 29.4845], [79.9941, 29.4827], [79.9901, 29.486], [79.9872, 29.4813], [79.978, 29.4819], [79.9743, 29.4742], [79.9704, 29.4749], [79.9655, 29.4696], [79.9598, 29.4694], [79.9579, 29.4721], [79.9529, 29.4689], [79.9518, 29.4728], [79.9454, 29.4664], [79.9431, 29.4733], [79.938, 29.4624], [79.9288, 29.4685], [79.9218, 29.4704], [79.9231, 29.4735], [79.9198, 29.4749], [79.9204, 29.4784], [79.916, 29.4792], [79.9177, 29.4844], [79.9137, 29.483], [79.913, 29.4865], [79.9087, 29.4859], [79.8994, 29.4811], [79.8953, 29.486], [79.8885, 29.4881], [79.8897, 29.4803], [79.8879, 29.477], [79.8793, 29.4698], [79.8774, 29.4643], [79.8735, 29.4619], [79.8728, 29.457], [79.8674, 29.4535], [79.8691, 29.4516], [79.865, 29.4469], [79.8611, 29.4442], [79.8592, 29.4455], [79.8585, 29.4529], [79.8536, 29.4472], [79.8523, 29.4498], [79.8508, 29.4399], [79.8479, 29.4406], [79.8523, 29.4328], [79.8501, 29.4284], [79.8422, 29.4236]]]}}, {"type": "Feature", "properties": {"district": "Bageshwar"}, "geometry": {"type": "Polygon", "coordinates": [[[79.8856, 29.7095], [79.8726, 29.7124], [79.8691, 29.7113], [79.8675, 29.7078], [79.8636, 29.7112], [79.8397, 29.7129], [79.8357, 29.7085], [79.8365, 29.7048], [79.8322, 29.7066], [79.8285, 29.698], [79.8243, 29.6989], [79.8211, 29.6966], [79.8208, 29.6931], [79.801, 29.6663], [79.7978, 29.6699], [79.7798, 29.6711], [79.775, 29.6745], [79.7665, 29.676], [79.764, 29.6806], [79.765, 29.6912], [79.7578, 29.7015], [79.7377, 29.7149], [79.7306, 29.7262], [79.7239, 29.7282], [79.7231, 29.7349], [79.7177, 29.7369], [79.7097, 29.7444], [79.6984, 29.7623], [79.7036, 29.7801], [79.7035, 29.7896], [79.6869, 29.8073], [79.6812, 29.8262], [79.6676, 29.832], [79.6527, 29.8271], [79.6417, 29.8364], [79.6023, 29.8325], [79.5517, 29.8533], [79.5107, 29.8629], [79.5112, 29.8703], [79.5051, 29.8806], [79.5004, 29.8826], [79.497, 29.8879], [79.5018, 29.8947], [79.5063, 29.8965], [79.5071, 29.9014], [79.5052, 29.9087], [79.5065, 29.9195], [79.5025, 29.9228], [79.501, 29.9296], [79.5086, 29.928], [79.51, 29.9314], [79.5017, 29.9434], [79.498, 29.9429], [79.4841, 29.9538], [79.4894, 29.9584], [79.4908, 29.9657], [79.4863, 29.9713], [79.4816, 29.9712], [79.4795, 29.9742], [79.4739, 29.9756], [79.473, 29.992], [79.4865, 30.0194], [79.4946, 30.0176], [79.5006, 30.0117], [79.5254, 30.0096], [79.5298, 30.0011], [79.535, 29.9967], [79.5499, 29.9924], [79.565, 29.9998], [79.5686, 29.9988], [79.5814, 30.0023], [79.5896, 30.001], [79.5977, 30.0065], [79.5986, 30.0097], [79.6139, 30.0165], [79.6273, 30.0136], [79.6399, 30.016], [79.6573, 30.0082], [79.6658, 30.001], [79.6714, 30.0051], [79.6817, 30.0058], [79.6972, 30.0005], [79.7108, 30.0006], [79.7228, 29.9978], [79.7305, 29.9983], [79.7388, 30.002], [79.7446, 30.0002], [79.7667, 30.005], [79.7779, 30.0005], [79.7828, 30.0027], [79.7901, 30.0111], [79.7987, 30.0106], [79.8136, 30.0177], [79.8115, 30.0246], [79.817, 30.0429], [79.825, 30.0473], [79.8296, 30.0544], [79.8112, 30.0713], [79.8046, 30.0738], [79.792, 30.0728], [79.7893, 30.0757], [79.778, 30.0922], [79.7825, 30.1079], [79.7749, 30.1162], [79.7738, 30.1233], [79.764, 30.128], [79.7672, 30.1382], [79.783, 30.1474], [79.7872, 30.1605], [79.7818, 30.1664], [79.7837, 30.1757], [79.7926, 30.1838], [79.8026, 30.2077], [79.8159, 30.2122], [79.8227, 30.2214], [79.8204, 30.2291], [79.8157, 30.2331], [79.8181, 30.2409], [79.8062, 30.2574], [79.8057, 30.266], [79.7992, 30.2755], [79.8015, 30.2807], [79.8151, 30.2818], [79.8298, 30.2863], [79.8383, 30.2838], [79.8463, 30.2842], [79.8543, 30.2824], [79.8746, 30.2672], [79.9004, 30.2726], [79.9034, 30.2778], [79.9209, 30.2836], [79.9335, 30.2945], [79.9443, 30.2951], [79.9567, 30.2864], [79.9636, 30.288], [79.979, 30.2951], [79.9891, 30.313], [80.0154, 30.3106], [80.0222, 30.3117], [80.0266, 30.3104], [80.0373, 30.2996], [80.0439, 30.2873], [80.0504, 30.2833], [80.07, 30.2777], [80.066, 30.2747], [80.0626, 30.2669], [80.0638, 30.2624], [80.0702, 30.2631], [80.0746, 30.2594], [80.073, 30.2541], [80.0761, 30.2499], [80.0748, 30.2432], [80.0798, 30.2344], [80.0948, 30.2231], [80.118, 30.2237], [80.1197, 30.2166], [80.1145, 30.2025], [80.1094, 30.1957], [80.1126, 30.1882], [80.1055, 30.1615], [80.1063, 30.1463], [80.0978, 30.1278], [80.0891, 30.1197], [80.0842, 30.108], [80.0844, 30.0944], [80.0863, 30.0928], [80.0812, 30.0794], [80.0864, 30.0601], [80.0775, 30.0437], [80.0773, 30.0366], [80.0701, 30.0161], [80.0754, 30.0068], [80.0735, 29.9976], [80.0787, 29.984], [80.0999, 29.9723], [80.1218, 29.9535], [80.1451, 29.9376], [80.1575, 29.9253], [80.1596, 29.9104], [80.1557, 29.8944], [80.136, 29.8922], [80.1239, 29.8944], [80.1061, 29.8893], [80.0944, 29.8976], [80.0833, 29.9005], [80.0686, 29.8956], [80.0537, 29.8937], [80.0359, 29.8995], [80.0141, 29.9029], [80.0108, 29.8946], [80.0098, 29.8572], [80.0006, 29.8472], [79.9787, 29.848], [79.9785, 29.8378], [79.9812, 29.8396], [79.9847, 29.837], [79.9961, 29.8413], [79.9966, 29.835], [80.0, 29.8317], [80.0327, 29.8129], [80.0383, 29.7916], [80.0309, 29.7832], [80.0005, 29.7677], [79.9891, 29.7597], [79.9781, 29.7557], [79.9649, 29.7611], [79.9446, 29.7605], [79.9333, 29.7629], [79.9348, 29.7686], [79.931, 29.7832], [79.9339, 29.7866], [79.9137, 29.7888], [79.9143, 29.7854], [79.9123, 29.7853], [79.911, 29.7931], [79.9065, 29.7946], [79.9005, 29.7873], [79.895, 29.7904], [79.8888, 29.7714], [79.877, 29.7689], [79.8719, 29.7631], [79.8621, 29.7651], [79.859, 29.7638], [79.8528, 29.7685], [79.8517, 29.767], [79.8482, 29.7725], [79.8248, 29.7771], [79.8256, 29.7734], [79.8228, 29.7694], [79.8293, 29.7652], [79.8295, 29.755], [79.8355, 29.7459], [79.8703, 29.7355], [79.8941, 29.7145], [79.8962, 29.7097], [79.8856, 29.7095]]]}}, {"type": "Feature", "properties": {"district": "Chamoli"}, "geometry": {"type": "Polygon", "coordinates": [[[79.4687, 29.9743], [79.4662, 29.9681], [79.4516, 29.9621], [79.4494, 29.9522], [79.4387, 29.9492], [79.4301, 29.9328], [79.424, 29.9309], [79.419, 29.939], [79.409, 29.9392], [79.3921, 29.9303], [79.3889, 29.9251], [79.3763, 29.923], [79.369, 29.9344], [79.3594, 29.9389], [79.3589, 29.9448], [79.3471, 29.957], [79.3406, 29.9691], [79.3296, 29.9684], [79.3322, 29.9486], [79.3373, 29.9392], [79.3278, 29.9354], [79.3266, 29.9259], [79.3194, 29.9235], [79.3095, 29.9273], [79.2838, 29.9218], [79.2879, 29.9339], [79.2853, 29.9397], [79.2871, 29.9476], [79.2833, 29.9486], [79.2738, 29.9576], [79.2676, 29.9569], [79.2575, 29.9599], [79.2524, 29.9574], [79.2476, 29.9679], [79.2399, 29.9725], [79.2271, 29.9757], [79.221, 29.9822], [79.226, 29.9872], [79.225, 29.9974], [79.2183, 30.0072], [79.2195, 30.0193], [79.2129, 30.0241], [79.2118, 30.0278], [79.2044, 30.0319], [79.1915, 30.0331], [79.1912, 30.0439], [79.196, 30.0555], [79.2052, 30.0599], [79.1955, 30.0804], [79.1884, 30.0874], [79.1811, 30.0876], [79.1751, 30.0927], [79.1634, 30.089], [79.1564, 30.0954], [79.1538, 30.1083], [79.1458, 30.1096], [79.1363, 30.1147], [79.1378, 30.1202], [79.1368, 30.1341], [79.1344, 30.1362], [79.1354, 30.1408], [79.1397, 30.1486], [79.1461, 30.1523], [79.1424, 30.162], [79.128, 30.1659], [79.1292, 30.1772], [79.1246, 30.1761], [79.1147, 30.1855], [79.1105, 30.1857], [79.1048, 30.1916], [79.0999, 30.1927], [79.0972, 30.202], [79.1034, 30.2073], [79.0961, 30.212], [79.0903, 30.2115], [79.0855, 30.2129], [79.0775, 30.2166], [79.0809, 30.2167], [79.0872, 30.2127], [79.0921, 30.2129], [79.0882, 30.2168], [79.0861, 30.2237], [79.0858, 30.2442], [79.0798, 30.2652], [79.0819, 30.2662], [79.083, 30.281], [79.0888, 30.2783], [79.0905, 30.2802], [79.0921, 30.2768], [79.0984, 30.2799], [79.0874, 30.289], [79.0988, 30.3183], [79.1019, 30.3337], [79.1029, 30.3592], [79.0985, 30.3667], [79.0981, 30.3777], [79.1144, 30.3847], [79.1253, 30.383], [79.1388, 30.376], [79.1457, 30.3769], [79.1509, 30.3742], [79.164, 30.38], [79.1674, 30.3843], [79.1668, 30.4078], [79.1745, 30.4116], [79.1767, 30.4255], [79.1676, 30.4372], [79.1683, 30.4427], [79.1758, 30.4454], [79.182, 30.4562], [79.1884, 30.4587], [79.1894, 30.4684], [79.1933, 30.4733], [79.2092, 30.4826], [79.2195, 30.4843], [79.2245, 30.4879], [79.2285, 30.4952], [79.2271, 30.5003], [79.2306, 30.5218], [79.2475, 30.533], [79.2436, 30.5448], [79.2486, 30.5494], [79.2482, 30.5554], [79.2567, 30.5592], [79.2586, 30.5624], [79.2662, 30.5637], [79.2747, 30.5625], [79.277, 30.5598], [79.2971, 30.5571], [79.3022, 30.5635], [79.3094, 30.5848], [79.3241, 30.5916], [79.3346, 30.5898], [79.3412, 30.593], [79.3447, 30.6021], [79.3495, 30.6035], [79.3499, 30.6196], [79.3563, 30.6216], [79.3584, 30.6281], [79.355, 30.6442], [79.3513, 30.6451], [79.3471, 30.6511], [79.3332, 30.6548], [79.3311, 30.6612], [79.3257, 30.6662], [79.3224, 30.6653], [79.317, 30.669], [79.3119, 30.6686], [79.3053, 30.6748], [79.3079, 30.6802], [79.3068, 30.6855], [79.3018, 30.6905], [79.3027, 30.7028], [79.299, 30.7153], [79.2968, 30.7187], [79.2769, 30.72], [79.2822, 30.7273], [79.2818, 30.7342], [79.2914, 30.7463], [79.2328, 30.7988], [79.2256, 30.8141], [79.2631, 30.8667], [79.278, 30.8776], [79.2749, 30.8989], [79.2852, 30.9358], [79.2769, 30.9404], [79.2698, 30.9546], [79.2766, 30.9606], [79.2984, 30.968], [79.3178, 30.9611], [79.3245, 30.9683], [79.3285, 30.9802], [79.3224, 30.9962], [79.3104, 31.0018], [79.3105, 31.01], [79.3247, 31.0221], [79.3377, 31.0238], [79.3452, 31.0275], [79.3536, 31.0272], [79.3667, 31.0337], [79.3784, 31.0496], [79.3868, 31.0521], [79.387, 31.0594], [79.3914, 31.0639], [79.4021, 31.0649], [79.4069, 31.0746], [79.4196, 31.0806], [79.4149, 31.069], [79.4202, 31.0582], [79.4191, 31.0468], [79.4214, 31.0389], [79.4294, 31.0196], [79.4397, 31.0196], [79.4564, 31.0268], [79.4743, 31.031], [79.4938, 31.0262], [79.5084, 31.0287], [79.5126, 31.0233], [79.5095, 31.0174], [79.5108, 31.0113], [79.5172, 31.0094], [79.5216, 31.003], [79.5187, 30.9932], [79.5271, 30.986], [79.5494, 30.9855], [79.5476, 30.9798], [79.5409, 30.9756], [79.5413, 30.9709], [79.5514, 30.9621], [79.5556, 30.9536], [79.5658, 30.9524], [79.5705, 30.9463], [79.594, 30.9423], [79.603, 30.9369], [79.6042, 30.9296], [79.6077, 30.9375], [79.6168, 30.9407], [79.6226, 30.9474], [79.6391, 30.9504], [79.6497, 30.9568], [79.6593, 30.9581], [79.6654, 30.9616], [79.6674, 30.9644], [79.665, 30.9741], [79.6681, 30.9796], [79.6765, 30.9788], [79.6908, 30.9709], [79.7018, 30.9676], [79.7125, 30.9737], [79.7185, 30.9714], [79.7384, 30.9776], [79.7495, 30.9986], [79.755, 31.0027], [79.7784, 30.9826], [79.7941, 30.9832], [79.7985, 30.9754], [79.803, 30.9739], [79.8097, 30.9767], [79.8177, 30.9684], [79.852, 30.9695], [79.8568, 30.9726], [79.8678, 30.9682], [79.8768, 30.9628], [79.8837, 30.9505], [79.8853, 30.9359], [79.8903, 30.9351], [79.8881, 30.9268], [79.8906, 30.9139], [79.9123, 30.9099], [79.9258, 30.8904], [79.9318, 30.8776], [79.9355, 30.8762], [79.9426, 30.881], [79.9529, 30.8795], [79.9641, 30.8849], [79.9719, 30.8771], [79.9913, 30.8739], [79.9988, 30.862], [80.0009, 30.8638], [80.0001, 30.8704], [80.0108, 30.8707], [80.016, 30.8618], [80.0288, 30.8513], [80.0359, 30.8421], [80.0386, 30.843], [80.0447, 30.8388], [80.0499, 30.8411], [80.0532, 30.846], [80.0571, 30.8439], [80.0572, 30.8382], [80.0765, 30.8212], [80.0857, 30.8071], [80.0903, 30.7946], [80.1021, 30.7898], [80.0873, 30.7701], [80.0914, 30.7586], [80.0908, 30.7543], [80.0995, 30.7435], [80.0982, 30.7379], [80.1049, 30.7263], [80.1033, 30.7216], [80.0962, 30.7199], [80.0831, 30.7257], [80.0601, 30.724], [80.0448, 30.7299], [80.0282, 30.7309], [80.0203, 30.7233], [79.9957, 30.7126], [79.9879, 30.7045], [79.9814, 30.7063], [79.9884, 30.689], [79.986, 30.6861], [80.0032, 30.6733], [80.0091, 30.6635], [80.0162, 30.6619], [80.0191, 30.6539], [80.0175, 30.6449], [80.0242, 30.6366], [80.0357, 30.6319], [80.0325, 30.6254], [80.0382, 30.6175], [80.0315, 30.6123], [80.0421, 30.6047], [80.0447, 30.5949], [80.0428, 30.5921], [80.0248, 30.5833], [80.0213, 30.575], [80.0145, 30.5709], [80.0141, 30.5574], [80.0035, 30.5453], [79.9983, 30.5337], [79.999, 30.5292], [80.0058, 30.5244], [80.0084, 30.5186], [80.0094, 30.5027], [80.015, 30.5003], [80.0155, 30.4962], [80.0114, 30.491], [80.0175, 30.4885], [80.0178, 30.4819], [80.0224, 30.4776], [80.0119, 30.4708], [80.0109, 30.4655], [80.0172, 30.4616], [80.0244, 30.4518], [80.0223, 30.4452], [80.0396, 30.4403], [80.0397, 30.4366], [80.035, 30.4291], [80.036, 30.422], [80.032, 30.4105], [80.0396, 30.4059], [80.0398, 30.4028], [80.0335, 30.3934], [80.0347, 30.3891], [80.0194, 30.3785], [80.0103, 30.3654], [79.9993, 30.3619], [80.0012, 30.3538], [79.9984, 30.348], [79.9981, 30.3313], [79.9827, 30.3006], [79.979, 30.2951], [79.9571, 30.2863], [79.9443, 30.2951], [79.9335, 30.2945], [79.9209, 30.2836], [79.9034, 30.2778], [79.9004, 30.2726], [79.8746, 30.2672], [79.8543, 30.2824], [79.8463, 30.2842], [79.825, 30.2857], [79.8151, 30.2818], [79.8018, 30.2808], [79.7995, 30.2771], [79.8057, 30.266], [79.8062, 30.2574], [79.8181, 30.2409], [79.8157, 30.2331], [79.8204, 30.2291], [79.8227, 30.2214], [79.8159, 30.2122], [79.8026, 30.2077], [79.7926, 30.1838], [79.7837, 30.1757], [79.7818, 30.1664], [79.7872, 30.1605], [79.783, 30.1474], [79.7672, 30.1382], [79.764, 30.128], [79.7738, 30.1233], [79.7749, 30.1162], [79.7825, 30.1079], [79.778, 30.0922], [79.7893, 30.0757], [79.792, 30.0728], [79.8046, 30.0738], [79.8112, 30.0713], [79.8296, 30.0544], [79.825, 30.0473], [79.817, 30.0429], [79.8115, 30.0246], [79.8136, 30.0177], [79.7987, 30.0106], [79.7901, 30.0111], [79.7828, 30.0027], [79.7779, 30.0005], [79.7667, 30.005], [79.7446, 30.0002], [79.7388, 30.002], [79.7305, 29.9983], [79.7228, 29.9978], [79.7108, 30.0006], [79.6972, 30.0005], [79.6817, 30.0058], [79.6714, 30.0051], [79.6658, 30.001], [79.6573, 30.0082], [79.6399, 30.016], [79.6273, 30.0136], [79.6139, 30.0165], [79.5986, 30.0097], [79.5977, 30.0065], [79.5896, 30.001], [79.5814, 30.0023], [79.5686, 29.9988], [79.565, 29.9998], [79.5499, 29.9924], [79.535, 29.9967], [79.5298, 30.0011], [79.5254, 30.0096], [79.5006, 30.0117], [79.4946, 30.0176], [79.4865, 30.0194], [79.473, 29.992], [79.4739, 29.9756], [79.4687, 29.9743]]]}}, {"type": "Feature", "properties": {"district": "Champawat"}, "geometry": {"type": "Polygon", "coordinates": [[[79.965, 29.0543], [79.9604, 29.0634], [79.9567, 29.0652], [79.9565, 29.0797], [79.964, 29.1064], [79.9789, 29.113], [79.9777, 29.1169], [79.9682, 29.1217], [79.9514, 29.1245], [79.9441, 29.1294], [79.9238, 29.1303], [79.9203, 29.1295], [79.9178, 29.1252], [79.9138, 29.1247], [79.9075, 29.1308], [79.8988, 29.1317], [79.8986, 29.1409], [79.8953, 29.1481], [79.8864, 29.1498], [79.8801, 29.1547], [79.8824, 29.1701], [79.886, 29.1721], [79.8936, 29.171], [79.9023, 29.1779], [79.9059, 29.1911], [79.9147, 29.1962], [79.9202, 29.2037], [79.9255, 29.2049], [79.929, 29.2106], [79.924, 29.2202], [79.9129, 29.2291], [79.9091, 29.2464], [79.9056, 29.2497], [79.9033, 29.2481], [79.8993, 29.2528], [79.8922, 29.2522], [79.8903, 29.2502], [79.878, 29.2561], [79.8677, 29.2568], [79.8635, 29.2644], [79.8642, 29.2675], [79.8573, 29.2729], [79.8525, 29.269], [79.8491, 29.2745], [79.8462, 29.2676], [79.8414, 29.269], [79.8375, 29.3058], [79.8139, 29.312], [79.8109, 29.3098], [79.8074, 29.311], [79.8083, 29.3233], [79.7958, 29.3324], [79.7991, 29.3317], [79.8083, 29.3366], [79.8145, 29.3341], [79.8196, 29.3364], [79.8207, 29.3344], [79.8329, 29.3348], [79.8336, 29.3207], [79.8466, 29.3184], [79.8515, 29.3136], [79.8513, 29.3112], [79.8599, 29.308], [79.866, 29.312], [79.8639, 29.3148], [79.8662, 29.3246], [79.8708, 29.3278], [79.8731, 29.3406], [79.8789, 29.3455], [79.8938, 29.3473], [79.8981, 29.3431], [79.902, 29.3436], [79.9041, 29.3515], [79.9014, 29.3553], [79.8981, 29.3548], [79.8942, 29.3659], [79.8888, 29.3624], [79.8849, 29.3639], [79.8841, 29.3621], [79.8795, 29.3645], [79.8783, 29.3681], [79.875, 29.3658], [79.8732, 29.3675], [79.8603, 29.366], [79.8627, 29.3762], [79.8508, 29.3812], [79.8446, 29.393], [79.8401, 29.3917], [79.8356, 29.3931], [79.8349, 29.3994], [79.8527, 29.4182], [79.8582, 29.4291], [79.8501, 29.4284], [79.8523, 29.4328], [79.8479, 29.4406], [79.8508, 29.4399], [79.8523, 29.4498], [79.8536, 29.4472], [79.8585, 29.4529], [79.8592, 29.4455], [79.8611, 29.4442], [79.865, 29.4469], [79.8691, 29.4516], [79.8674, 29.4535], [79.8728, 29.457], [79.8735, 29.4619], [79.8774, 29.4643], [79.8793, 29.4698], [79.8879, 29.477], [79.8897, 29.4803], [79.8885, 29.4881], [79.8953, 29.486], [79.8994, 29.4811], [79.9087, 29.4859], [79.913, 29.4865], [79.9137, 29.483], [79.9177, 29.4844], [79.916, 29.4792], [79.9204, 29.4784], [79.9198, 29.4749], [79.9231, 29.4735], [79.9218, 29.4704], [79.9288, 29.4685], [79.938, 29.4624], [79.9431, 29.4733], [79.9454, 29.4664], [79.9518, 29.4728], [79.9529, 29.4689], [79.9579, 29.4721], [79.9598, 29.4694], [79.9655, 29.4696], [79.9704, 29.4749], [79.9743, 29.4742], [79.978, 29.4819], [79.9872, 29.4813], [79.9901, 29.486], [79.9941, 29.4827], [79.9969, 29.4845], [80.0032, 29.4811], [80.0059, 29.4844], [80.0211, 29.4893], [80.032, 29.496], [80.0335, 29.5052], [80.0538, 29.5074], [80.0808, 29.5181], [80.0871, 29.5188], [80.0964, 29.516], [80.1065, 29.5204], [80.1104, 29.5186], [80.1134, 29.5126], [80.1302, 29.504], [80.1322, 29.4993], [80.1275, 29.4944], [80.127, 29.4904], [80.1425, 29.4833], [80.143, 29.4802], [80.1504, 29.4752], [80.1513, 29.4684], [80.1613, 29.4718], [80.1641, 29.4694], [80.1634, 29.4653], [80.1688, 29.4613], [80.1814, 29.4617], [80.1848, 29.4541], [80.1976, 29.4566], [80.207, 29.4487], [80.2157, 29.4499], [80.245, 29.4403], [80.2479, 29.4357], [80.2443, 29.4238], [80.2463, 29.4161], [80.2423, 29.4117], [80.2462, 29.4077], [80.2758, 29.3921], [80.2732, 29.3863], [80.2793, 29.3785], [80.2717, 29.3735], [80.2718, 29.3641], [80.2799, 29.3595], [80.2799, 29.3478], [80.2908, 29.3369], [80.2915, 29.3303], [80.2959, 29.3249], [80.3086, 29.323], [80.317, 29.3156], [80.3164, 29.3079], [80.3189, 29.304], [80.3116, 29.2912], [80.3067, 29.2891], [80.3049, 29.2854], [80.3049, 29.2747], [80.2996, 29.2601], [80.3008, 29.2421], [80.2912, 29.2318], [80.2965, 29.2217], [80.2945, 29.2128], [80.298, 29.2055], [80.2929, 29.1962], [80.2864, 29.1952], [80.2751, 29.2064], [80.2602, 29.2067], [80.256, 29.2184], [80.2511, 29.2211], [80.2481, 29.2196], [80.2415, 29.2038], [80.2423, 29.201], [80.2509, 29.196], [80.2593, 29.1869], [80.2617, 29.1751], [80.259, 29.166], [80.2738, 29.1451], [80.2718, 29.14], [80.2564, 29.1387], [80.2498, 29.1281], [80.2414, 29.1247], [80.2323, 29.1171], [80.2098, 29.1217], [80.2031, 29.1295], [80.1837, 29.1367], [80.1784, 29.1283], [80.1686, 29.1258], [80.1644, 29.1166], [80.1445, 29.103], [80.1286, 29.0611], [80.1366, 29.0589], [80.1265, 29.0318], [80.1315, 29.0304], [80.1247, 29.0131], [80.1364, 29.0096], [80.1357, 29.0073], [80.1269, 29.0061], [80.118, 28.9817], [80.1004, 28.9865], [80.0962, 28.9753], [80.0769, 28.945], [80.0778, 28.9538], [80.0805, 28.9544], [80.0606, 28.968], [80.0553, 28.9787], [80.053, 28.9794], [80.0528, 28.9889], [80.0571, 28.9906], [80.0566, 28.9937], [80.061, 28.9996], [80.0551, 29.0049], [80.0503, 29.0218], [80.0354, 29.0499], [80.0371, 29.05], [80.0341, 29.0573], [80.0223, 29.0769], [80.0197, 29.0883], [80.0079, 29.0686], [79.9989, 29.0632], [79.9841, 29.0619], [79.973, 29.0492], [79.965, 29.0543]]]}}, {"type": "Feature", "properties": {"district": "Dehradun"}, "geometry": {"type": "Polygon", "coordinates": [[[77.5759, 30.4082], [77.5858, 30.4164], [77.5941, 30.4198], [77.5954, 30.4235], [77.6248, 30.4307], [77.6292, 30.4306], [77.6343, 30.4273], [77.6389, 30.4291], [77.6461, 30.4283], [77.6494, 30.4323], [77.6511, 30.4414], [77.6553, 30.4444], [77.673, 30.4405], [77.6925, 30.4444], [77.7006, 30.4524], [77.7096, 30.4558], [77.7218, 30.4685], [77.7377, 30.4707], [77.7688, 30.4892], [77.7783, 30.4911], [77.7846, 30.4963], [77.8025, 30.4976], [77.8189, 30.5024], [77.8223, 30.5212], [77.8281, 30.5227], [77.8296, 30.5256], [77.8299, 30.5292], [77.8222, 30.5432], [77.8248, 30.5502], [77.8201, 30.5575], [77.8079, 30.5509], [77.8017, 30.5543], [77.7961, 30.5498], [77.785, 30.5564], [77.7754, 30.5546], [77.7586, 30.5824], [77.7445, 30.589], [77.7444, 30.5921], [77.7498, 30.5941], [77.745, 30.5977], [77.7473, 30.5999], [77.754, 30.5982], [77.7588, 30.6009], [77.7658, 30.5928], [77.7739, 30.5935], [77.771, 30.6108], [77.7741, 30.6135], [77.7775, 30.6104], [77.7828, 30.6095], [77.7982, 30.6101], [77.7948, 30.6176], [77.7881, 30.6213], [77.7885, 30.6275], [77.7927, 30.6308], [77.7879, 30.6338], [77.7891, 30.6386], [77.7835, 30.6429], [77.7892, 30.6523], [77.7948, 30.6545], [77.7919, 30.659], [77.7837, 30.6563], [77.7761, 30.662], [77.7752, 30.6656], [77.7658, 30.6676], [77.7621, 30.6696], [77.762, 30.672], [77.7502, 30.6759], [77.7493, 30.6898], [77.7548, 30.6932], [77.7526, 30.6966], [77.7578, 30.7039], [77.7487, 30.7099], [77.7481, 30.7167], [77.7382, 30.721], [77.7392, 30.7263], [77.7366, 30.7318], [77.7301, 30.7312], [77.7234, 30.7391], [77.7108, 30.7367], [77.705, 30.7424], [77.7112, 30.774], [77.7534, 30.8188], [77.7634, 30.8228], [77.7599, 30.8312], [77.7531, 30.8363], [77.7484, 30.8465], [77.7492, 30.849], [77.7564, 30.8515], [77.7593, 30.8559], [77.7593, 30.871], [77.7658, 30.8768], [77.7773, 30.8731], [77.7795, 30.8594], [77.7821, 30.8561], [77.8077, 30.8494], [77.8053, 30.8617], [77.8007, 30.8644], [77.8036, 30.8902], [77.8095, 30.8921], [77.8169, 30.9], [77.8177, 30.9066], [77.8129, 30.9131], [77.8157, 30.9177], [77.807, 30.92], [77.7882, 30.9164], [77.7864, 30.9133], [77.7703, 30.9137], [77.7676, 30.9167], [77.765, 30.9146], [77.7664, 30.9265], [77.7551, 30.93], [77.7561, 30.9338], [77.7511, 30.9479], [77.7558, 30.9601], [77.7682, 30.9663], [77.7712, 30.9706], [77.7746, 30.9707], [77.7959, 30.9651], [77.8168, 30.9498], [77.8283, 30.9458], [77.8345, 30.9463], [77.8404, 30.9506], [77.836, 30.955], [77.8335, 30.9561], [77.8262, 30.9534], [77.8164, 30.9582], [77.8273, 30.9701], [77.8313, 30.9705], [77.8282, 30.973], [77.8257, 30.9836], [77.8282, 30.9876], [77.8336, 30.9906], [77.8442, 30.9908], [77.8409, 30.9864], [77.8427, 30.9834], [77.8411, 30.9775], [77.846, 30.9754], [77.8457, 30.9713], [77.8569, 30.9605], [77.8554, 30.9507], [77.8657, 30.9531], [77.8729, 30.9406], [77.882, 30.9452], [77.8872, 30.9423], [77.8995, 30.952], [77.9023, 30.9488], [77.9066, 30.95], [77.9262, 30.9639], [77.9293, 30.9684], [77.9615, 30.9718], [77.9645, 30.9739], [77.9717, 30.9732], [77.9767, 30.9671], [77.9809, 30.9647], [77.9847, 30.9653], [77.9863, 30.9611], [77.9922, 30.9592], [77.9887, 30.9553], [77.9969, 30.953], [78.0024, 30.9485], [78.0026, 30.9447], [78.0122, 30.9355], [78.0151, 30.9273], [78.0201, 30.9227], [78.0225, 30.9151], [78.0167, 30.9134], [78.0184, 30.9052], [77.9994, 30.9028], [77.991, 30.8968], [77.9812, 30.8968], [77.9766, 30.886], [77.9868, 30.8758], [77.9845, 30.871], [77.9863, 30.8633], [77.9891, 30.8567], [77.9935, 30.8561], [77.9912, 30.8485], [77.9931, 30.8364], [78.003, 30.8207], [78.0143, 30.8149], [78.0286, 30.8021], [78.0303, 30.7988], [78.0258, 30.786], [78.0327, 30.7834], [78.0434, 30.7739], [78.0498, 30.7717], [78.0561, 30.7619], [78.0672, 30.7552], [78.0712, 30.7474], [78.0707, 30.74], [78.0814, 30.7372], [78.0802, 30.7262], [78.0862, 30.7155], [78.0817, 30.7062], [78.0744, 30.7032], [78.076, 30.6947], [78.0692, 30.6821], [78.0685, 30.6698], [78.0637, 30.6621], [78.0498, 30.6578], [78.0449, 30.6497], [78.0342, 30.6414], [78.0229, 30.65], [78.0187, 30.6506], [78.0128, 30.6476], [78.0118, 30.64], [78.0159, 30.6248], [78.0105, 30.6212], [78.0104, 30.6168], [78.0155, 30.6117], [78.0151, 30.6006], [78.0124, 30.596], [78.0164, 30.5875], [78.0131, 30.589], [78.0114, 30.5865], [78.0125, 30.5767], [78.0051, 30.5689], [78.0066, 30.5629], [78.0035, 30.5572], [77.9941, 30.5561], [77.9909, 30.5518], [77.9829, 30.5518], [77.9866, 30.5478], [77.9853, 30.5363], [77.9769, 30.534], [77.9777, 30.5257], [77.9835, 30.5275], [77.9884, 30.5225], [77.9871, 30.5205], [77.9819, 30.5225], [77.9782, 30.5216], [77.9791, 30.5173], [77.9815, 30.5133], [77.9893, 30.5144], [77.9904, 30.5115], [77.9838, 30.5057], [77.9772, 30.5102], [77.9695, 30.506], [77.9651, 30.5106], [77.959, 30.5111], [77.951, 30.517], [77.9492, 30.516], [77.9507, 30.508], [77.9402, 30.5085], [77.9397, 30.5023], [77.9591, 30.4855], [77.9756, 30.4812], [77.9783, 30.4716], [77.983, 30.4716], [77.9898, 30.4626], [77.9926, 30.4643], [77.9978, 30.4622], [78.0017, 30.4636], [77.9999, 30.4749], [78.0105, 30.4797], [78.0165, 30.4801], [78.0234, 30.4766], [78.0253, 30.4746], [78.0236, 30.4717], [78.0324, 30.4698], [78.0345, 30.4632], [78.0387, 30.4619], [78.0377, 30.4655], [78.042, 30.4689], [78.0413, 30.4784], [78.0472, 30.4807], [78.0581, 30.4778], [78.0584, 30.4738], [78.0618, 30.4725], [78.0721, 30.4727], [78.0721, 30.4662], [78.0743, 30.4671], [78.0772, 30.4639], [78.0829, 30.4628], [78.0824, 30.4698], [78.0916, 30.4691], [78.0964, 30.4705], [78.0975, 30.4741], [78.1064, 30.4749], [78.1086, 30.4672], [78.1174, 30.4681], [78.1245, 30.4653], [78.1343, 30.4558], [78.1425, 30.4524], [78.1521, 30.4541], [78.1619, 30.4489], [78.1666, 30.442], [78.171, 30.4411], [78.1818, 30.4459], [78.1931, 30.4451], [78.2171, 30.4344], [78.2188, 30.4356], [78.2282, 30.4301], [78.2313, 30.4231], [78.2326, 30.4244], [78.2411, 30.42], [78.2413, 30.4157], [78.2364, 30.4089], [78.2274, 30.4023], [78.2009, 30.3949], [78.1933, 30.3884], [78.1858, 30.3863], [78.1873, 30.3837], [78.1828, 30.3835], [78.1773, 30.3784], [78.1702, 30.3804], [78.1602, 30.3757], [78.1568, 30.3701], [78.1459, 30.3639], [78.1409, 30.3541], [78.1413, 30.3452], [78.1355, 30.3402], [78.14, 30.3349], [78.1452, 30.3212], [78.1596, 30.3157], [78.1718, 30.3026], [78.1835, 30.301], [78.1871, 30.2977], [78.1967, 30.2982], [78.2031, 30.2898], [78.2113, 30.2888], [78.2161, 30.305], [78.2274, 30.3027], [78.239, 30.2957], [78.2391, 30.2837], [78.2433, 30.2847], [78.2599, 30.2817], [78.2658, 30.2884], [78.2647, 30.2911], [78.2698, 30.2987], [78.2866, 30.2882], [78.2834, 30.2797], [78.2847, 30.2724], [78.2806, 30.2678], [78.2946, 30.2474], [78.3018, 30.2423], [78.2992, 30.2298], [78.2859, 30.2188], [78.2752, 30.2186], [78.2663, 30.2127], [78.2589, 30.2061], [78.2567, 30.2009], [78.2508, 30.2001], [78.2479, 30.1972], [78.2454, 30.1942], [78.2455, 30.1877], [78.2357, 30.1817], [78.244, 30.1622], [78.263, 30.1579], [78.259, 30.148], [78.2575, 30.1349], [78.28, 30.1255], [78.2842, 30.1256], [78.302, 30.1141], [78.3012, 30.1119], [78.3118, 30.1113], [78.3133, 30.1064], [78.3113, 30.1014], [78.3058, 30.0979], [78.3006, 30.0987], [78.2932, 30.0949], [78.2964, 30.0834], [78.2827, 30.0569], [78.2665, 30.045], [78.2582, 30.0429], [78.2551, 30.0392], [78.2525, 30.0415], [78.2496, 30.0381], [78.2503, 30.0179], [78.2451, 30.0157], [78.2357, 30.0162], [78.2296, 30.0134], [78.2296, 30.0036], [78.2343, 29.9949], [78.2322, 29.9849], [78.2269, 29.9826], [78.2191, 29.9829], [78.211, 29.9749], [78.2046, 29.9621], [78.195, 29.9621], [78.1891, 29.9597], [78.1888, 29.9694], [78.2001, 29.9851], [78.1952, 29.9853], [78.1916, 29.9928], [78.1854, 29.9879], [78.1815, 29.9752], [78.1719, 29.9673], [78.1723, 29.9607], [78.1681, 29.9628], [78.1636, 29.9616], [78.1603, 29.9653], [78.1512, 29.9641], [78.1456, 29.9747], [78.1411, 29.975], [78.1411, 29.9778], [78.1369, 29.982], [78.1371, 29.9874], [78.1333, 29.9914], [78.1342, 29.9955], [78.1302, 29.998], [78.1254, 29.995], [78.1182, 30.0013], [78.1182, 30.0049], [78.1155, 30.0068], [78.1094, 30.0074], [78.1066, 30.0034], [78.0973, 30.0089], [78.0963, 30.0119], [78.102, 30.0234], [78.0887, 30.0301], [78.0843, 30.0301], [78.0832, 30.0334], [78.0762, 30.0365], [78.0761, 30.0397], [78.0713, 30.0397], [78.0698, 30.0467], [78.0754, 30.057], [78.0731, 30.0658], [78.0697, 30.0692], [78.071, 30.0726], [78.0606, 30.0842], [78.0491, 30.0884], [78.0463, 30.0953], [78.0379, 30.1005], [78.037, 30.1069], [78.0342, 30.1097], [78.0349, 30.1164], [78.0314, 30.1197], [78.0288, 30.1304], [78.0166, 30.1447], [78.0089, 30.1685], [77.9944, 30.1874], [77.9879, 30.2004], [77.9766, 30.209], [77.9749, 30.2125], [77.9768, 30.2153], [77.9703, 30.2167], [77.9577, 30.2271], [77.9631, 30.24], [77.9539, 30.2418], [77.9463, 30.2358], [77.9435, 30.2364], [77.9405, 30.2426], [77.9332, 30.2474], [77.9159, 30.2518], [77.897, 30.2617], [77.8879, 30.2638], [77.8814, 30.2582], [77.8708, 30.2628], [77.8667, 30.2627], [77.8608, 30.268], [77.8492, 30.2677], [77.8488, 30.2725], [77.844, 30.2729], [77.8423, 30.2703], [77.8316, 30.2783], [77.8073, 30.288], [77.7877, 30.3002], [77.7872, 30.3023], [77.7703, 30.3094], [77.7644, 30.3142], [77.7493, 30.3162], [77.7349, 30.3241], [77.7237, 30.3266], [77.7114, 30.3381], [77.6923, 30.3722], [77.6881, 30.3754], [77.6807, 30.3716], [77.6781, 30.3842], [77.674, 30.3871], [77.6616, 30.3867], [77.6596, 30.3965], [77.65, 30.4008], [77.6325, 30.3939], [77.6255, 30.4014], [77.62, 30.3985], [77.6048, 30.3991], [77.6036, 30.3959], [77.5989, 30.4018], [77.5924, 30.4024], [77.5875, 30.4012], [77.5843, 30.396], [77.5785, 30.3959], [77.5759, 30.4082]]]}}, {"type": "Feature", "properties": {"district": "Haridwar"}, "geometry": {"type": "Polygon", "coordinates": [[[77.9577, 30.2271], [77.9703, 30.2167], [77.9768, 30.2153], [77.9749, 30.2125], [77.9766, 30.209], [77.9879, 30.2004], [77.9944, 30.1874], [78.0089, 30.1685], [78.0166, 30.1447], [78.0288, 30.1304], [78.0314, 30.1197], [78.0349, 30.1164], [78.0342, 30.1097], [78.037, 30.1069], [78.0379, 30.1005], [78.0463, 30.0953], [78.0491, 30.0884], [78.0606, 30.0842], [78.071, 30.0726], [78.0697, 30.0692], [78.0731, 30.0658], [78.0754, 30.057], [78.0698, 30.0467], [78.0713, 30.0397], [78.0761, 30.0397], [78.0762, 30.0365], [78.0832, 30.0334], [78.0843, 30.0301], [78.0887, 30.0301], [78.102, 30.0234], [78.0963, 30.0119], [78.0973, 30.0089], [78.1066, 30.0034], [78.1094, 30.0074], [78.1155, 30.0068], [78.1182, 30.0049], [78.1182, 30.0013], [78.1254, 29.995], [78.1302, 29.998], [78.1342, 29.9955], [78.1333, 29.9914], [78.1371, 29.9874], [78.1369, 29.982], [78.1411, 29.9778], [78.1411, 29.975], [78.1456, 29.9747], [78.1512, 29.9641], [78.1603, 29.9653], [78.1636, 29.9616], [78.1681, 29.9628], [78.1723, 29.9607], [78.1719, 29.9673], [78.1815, 29.9752], [78.1854, 29.9879], [78.1922, 29.9927], [78.1952, 29.9853], [78.2001, 29.9851], [78.1888, 29.9694], [78.1891, 29.9597], [78.195, 29.9621], [78.2046, 29.9621], [78.2519, 29.9258], [78.274, 29.9215], [78.277, 29.9166], [78.268, 29.9005], [78.2718, 29.8948], [78.2779, 29.8933], [78.2862, 29.8811], [78.3167, 29.8616], [78.3214, 29.8304], [78.3317, 29.7989], [78.3342, 29.7948], [78.3433, 29.7891], [78.3212, 29.7821], [78.3157, 29.7774], [78.3154, 29.7733], [78.3069, 29.7711], [78.2981, 29.7588], [78.2915, 29.7602], [78.2887, 29.7536], [78.2851, 29.755], [78.2813, 29.7516], [78.2775, 29.7515], [78.2702, 29.7427], [78.2647, 29.7397], [78.2663, 29.7366], [78.2634, 29.7339], [78.2572, 29.734], [78.254, 29.7306], [78.2493, 29.7305], [78.2408, 29.7371], [78.2331, 29.7313], [78.2265, 29.7372], [78.224, 29.7349], [78.2176, 29.7376], [78.2149, 29.7366], [78.2139, 29.7328], [78.2071, 29.7327], [78.2085, 29.7279], [78.2014, 29.7129], [78.2024, 29.6951], [78.1964, 29.6815], [78.1808, 29.6785], [78.1742, 29.6823], [78.1559, 29.6779], [78.1461, 29.6702], [78.1447, 29.6632], [78.1477, 29.6572], [78.1472, 29.6508], [78.1418, 29.6446], [78.1353, 29.6412], [78.1267, 29.6428], [78.1056, 29.6346], [78.1028, 29.6305], [78.0923, 29.6248], [78.0933, 29.6209], [78.0884, 29.6154], [78.0877, 29.6072], [78.0833, 29.6032], [78.0759, 29.6028], [78.0699, 29.6058], [78.0485, 29.5984], [78.0399, 29.5843], [78.0402, 29.5775], [78.0488, 29.5688], [78.0452, 29.5619], [78.0482, 29.5568], [78.0488, 29.5442], [78.0436, 29.54], [78.0332, 29.5385], [77.9978, 29.5924], [77.9885, 29.5807], [77.9766, 29.5814], [77.9755, 29.5771], [77.9636, 29.5858], [77.9659, 29.5887], [77.9687, 29.5879], [77.9698, 29.5951], [77.9843, 29.6135], [77.9845, 29.6173], [77.9926, 29.6287], [77.9933, 29.6348], [77.9898, 29.6389], [77.9915, 29.648], [77.9872, 29.6528], [77.9871, 29.6572], [77.9795, 29.6611], [77.9719, 29.6698], [77.9657, 29.6698], [77.9635, 29.6787], [77.9563, 29.6832], [77.9479, 29.7093], [77.9435, 29.708], [77.9408, 29.7112], [77.9364, 29.7089], [77.9321, 29.7115], [77.9287, 29.7107], [77.9222, 29.7022], [77.9195, 29.7029], [77.9181, 29.6991], [77.9224, 29.6956], [77.9149, 29.6925], [77.904, 29.6977], [77.8978, 29.6985], [77.8927, 29.6951], [77.8844, 29.6987], [77.8807, 29.6961], [77.8816, 29.6897], [77.8769, 29.6839], [77.8653, 29.6855], [77.858, 29.6767], [77.8531, 29.6774], [77.8504, 29.6729], [77.8422, 29.6689], [77.8407, 29.666], [77.8385, 29.667], [77.8354, 29.6643], [77.8331, 29.6658], [77.8325, 29.6638], [77.8165, 29.6748], [77.8007, 29.6823], [77.812, 29.6982], [77.8002, 29.7011], [77.8011, 29.7026], [77.7939, 29.706], [77.7854, 29.705], [77.7736, 29.7103], [77.7714, 29.7139], [77.7842, 29.7318], [77.7722, 29.7408], [77.7718, 29.7471], [77.7829, 29.7615], [77.7751, 29.7652], [77.78, 29.7712], [77.7745, 29.7765], [77.7765, 29.7869], [77.7671, 29.7925], [77.7651, 29.7991], [77.7536, 29.8071], [77.7575, 29.8082], [77.7611, 29.8146], [77.756, 29.8168], [77.7579, 29.8214], [77.7426, 29.8312], [77.7464, 29.8354], [77.7444, 29.848], [77.7258, 29.8517], [77.719, 29.8592], [77.7206, 29.8621], [77.7162, 29.867], [77.7231, 29.8722], [77.7195, 29.8745], [77.717, 29.8806], [77.7195, 29.8838], [77.7252, 29.881], [77.7256, 29.8852], [77.734, 29.8898], [77.731, 29.8939], [77.7317, 29.8973], [77.7364, 29.8964], [77.7361, 29.8981], [77.7411, 29.8998], [77.7389, 29.9032], [77.7503, 29.9075], [77.7462, 29.9134], [77.7449, 29.923], [77.7329, 29.9288], [77.7429, 29.9387], [77.7451, 29.9373], [77.7448, 29.9398], [77.7497, 29.9424], [77.7476, 29.9446], [77.7528, 29.951], [77.757, 29.9519], [77.7627, 29.9608], [77.7457, 29.9796], [77.7523, 29.9824], [77.7578, 29.9899], [77.7617, 29.9909], [77.7577, 29.9956], [77.7658, 30.0013], [77.7658, 30.006], [77.7737, 30.0118], [77.7764, 30.0115], [77.7777, 30.0141], [77.784, 30.0119], [77.7866, 30.0149], [77.79, 30.0215], [77.7814, 30.0273], [77.7841, 30.0296], [77.7731, 30.0387], [77.7732, 30.0422], [77.7776, 30.051], [77.7982, 30.0767], [77.803, 30.0917], [77.8119, 30.0902], [77.8212, 30.0821], [77.8277, 30.0819], [77.8361, 30.0859], [77.8378, 30.0979], [77.8477, 30.1016], [77.8499, 30.1003], [77.8616, 30.1094], [77.8682, 30.117], [77.869, 30.1225], [77.8837, 30.1461], [77.9038, 30.1703], [77.9122, 30.1761], [77.9205, 30.2075], [77.9345, 30.2116], [77.9489, 30.2306], [77.9634, 30.2389], [77.9577, 30.2271]]]}}, {"type": "Feature", "properties": {"district": "Nainital"}, "geometry": {"type": "Polygon", "coordinates": [[[78.8612, 29.3589], [78.8615, 29.3653], [78.8707, 29.363], [78.8879, 29.3711], [78.8891, 29.374], [78.8855, 29.3765], [78.8869, 29.3794], [78.8967, 29.3777], [78.9016, 29.3856], [78.9106, 29.389], [78.9205, 29.3995], [78.9212, 29.4053], [78.9282, 29.4083], [78.9277, 29.4139], [78.9309, 29.4174], [78.9347, 29.4296], [78.9411, 29.4351], [78.9232, 29.4308], [78.9248, 29.4386], [78.9311, 29.4406], [78.9322, 29.4467], [78.943, 29.4498], [78.954, 29.4606], [78.9573, 29.4733], [78.9655, 29.4895], [78.9617, 29.494], [78.9647, 29.502], [78.9647, 29.5152], [78.9724, 29.5349], [78.9956, 29.5489], [79.0066, 29.5499], [79.0076, 29.5527], [79.0004, 29.5586], [79.0107, 29.5689], [79.0118, 29.5826], [79.0236, 29.5801], [79.03, 29.5855], [79.0573, 29.5763], [79.0619, 29.5785], [79.069, 29.5764], [79.0813, 29.5785], [79.0933, 29.5697], [79.093, 29.5647], [79.1128, 29.5542], [79.1104, 29.5412], [79.1239, 29.5454], [79.1358, 29.5455], [79.143, 29.5495], [79.1492, 29.5363], [79.17, 29.5313], [79.1903, 29.5304], [79.2011, 29.5202], [79.2156, 29.5223], [79.2196, 29.5183], [79.2242, 29.5184], [79.2358, 29.528], [79.235, 29.5342], [79.2432, 29.5336], [79.2542, 29.5515], [79.2674, 29.5599], [79.2766, 29.5706], [79.2891, 29.5736], [79.2888, 29.5865], [79.296, 29.5851], [79.3015, 29.5867], [79.31, 29.5978], [79.3253, 29.5994], [79.3284, 29.605], [79.3338, 29.6094], [79.3363, 29.609], [79.3434, 29.6036], [79.3507, 29.6036], [79.356, 29.5969], [79.3499, 29.5927], [79.3526, 29.5896], [79.3661, 29.5875], [79.3769, 29.5797], [79.3884, 29.5762], [79.3901, 29.5719], [79.3951, 29.5711], [79.3974, 29.566], [79.3998, 29.5657], [79.4014, 29.5603], [79.4056, 29.5606], [79.407, 29.558], [79.4118, 29.5593], [79.4142, 29.5535], [79.4269, 29.5476], [79.4364, 29.5365], [79.4417, 29.5351], [79.4455, 29.5204], [79.4518, 29.5165], [79.4529, 29.5133], [79.4645, 29.5139], [79.469, 29.5065], [79.476, 29.507], [79.4807, 29.5031], [79.4826, 29.4995], [79.4806, 29.4924], [79.4874, 29.4938], [79.4947, 29.4989], [79.4987, 29.4986], [79.5034, 29.4929], [79.5074, 29.4996], [79.5141, 29.5026], [79.5247, 29.5175], [79.5303, 29.5443], [79.534, 29.5449], [79.5379, 29.5417], [79.5433, 29.5461], [79.5531, 29.5468], [79.5523, 29.5376], [79.57, 29.5353], [79.5859, 29.5404], [79.5904, 29.5449], [79.6005, 29.5456], [79.616, 29.5528], [79.6242, 29.5515], [79.6317, 29.5479], [79.6362, 29.5376], [79.6504, 29.5438], [79.657, 29.5383], [79.6649, 29.5382], [79.669, 29.5293], [79.6821, 29.5247], [79.6837, 29.5173], [79.6866, 29.5162], [79.684, 29.5134], [79.6842, 29.5032], [79.6864, 29.502], [79.6819, 29.4946], [79.683, 29.489], [79.6876, 29.4842], [79.6888, 29.4758], [79.6943, 29.4715], [79.694, 29.4668], [79.697, 29.4682], [79.7063, 29.4643], [79.7133, 29.4565], [79.7173, 29.4592], [79.7183, 29.4549], [79.7266, 29.4543], [79.7349, 29.4586], [79.7338, 29.4512], [79.7291, 29.4459], [79.7294, 29.4402], [79.7315, 29.4399], [79.7314, 29.4354], [79.7347, 29.4339], [79.7334, 29.4326], [79.7359, 29.4325], [79.7361, 29.4289], [79.7396, 29.4297], [79.7397, 29.4276], [79.742, 29.4304], [79.7443, 29.4262], [79.7472, 29.4262], [79.752, 29.4315], [79.7671, 29.4321], [79.7691, 29.434], [79.7699, 29.4451], [79.7745, 29.4447], [79.7794, 29.4487], [79.7828, 29.4462], [79.7889, 29.4459], [79.7919, 29.4403], [79.8, 29.4339], [79.8108, 29.4352], [79.8253, 29.4292], [79.8261, 29.4227], [79.8422, 29.4236], [79.8516, 29.4291], [79.8583, 29.4298], [79.8527, 29.4182], [79.8354, 29.4014], [79.8356, 29.3931], [79.8401, 29.3917], [79.8446, 29.393], [79.8508, 29.3812], [79.8627, 29.3762], [79.8603, 29.366], [79.8732, 29.3675], [79.875, 29.3658], [79.8783, 29.3681], [79.8795, 29.3645], [79.8841, 29.3621], [79.8849, 29.3639], [79.8888, 29.3624], [79.8942, 29.3659], [79.8981, 29.3548], [79.9014, 29.3553], [79.9041, 29.3515], [79.902, 29.3436], [79.8981, 29.3431], [79.8938, 29.3473], [79.8789, 29.3455], [79.8731, 29.3406], [79.8708, 29.3278], [79.8662, 29.3246], [79.8639, 29.3148], [79.866, 29.312], [79.8599, 29.308], [79.8513, 29.3112], [79.8515, 29.3136], [79.8466, 29.3184], [79.8336, 29.3207], [79.8329, 29.3348], [79.8207, 29.3344], [79.8196, 29.3364], [79.8145, 29.3341], [79.8083, 29.3366], [79.7991, 29.3317], [79.7958, 29.3324], [79.8083, 29.3233], [79.8074, 29.311], [79.8109, 29.3098], [79.8139, 29.312], [79.8375, 29.3058], [79.8414, 29.269], [79.8462, 29.2676], [79.8491, 29.2745], [79.8525, 29.269], [79.8573, 29.2729], [79.8642, 29.2675], [79.8635, 29.2644], [79.8677, 29.2568], [79.878, 29.2561], [79.8903, 29.2502], [79.8922, 29.2522], [79.8993, 29.2528], [79.9033, 29.2481], [79.9056, 29.2497], [79.9091, 29.2464], [79.9129, 29.2291], [79.924, 29.2202], [79.929, 29.2106], [79.9255, 29.2049], [79.9202, 29.2037], [79.9147, 29.1962], [79.9059, 29.1911], [79.9023, 29.1779], [79.8936, 29.171], [79.886, 29.1721], [79.8824, 29.1701], [79.8801, 29.1547], [79.8864, 29.1498], [79.8953, 29.1481], [79.8986, 29.1409], [79.8988, 29.1317], [79.9075, 29.1308], [79.9138, 29.1247], [79.9178, 29.1252], [79.9203, 29.1295], [79.9238, 29.1303], [79.9441, 29.1294], [79.9514, 29.1245], [79.9682, 29.1217], [79.9777, 29.1169], [79.9789, 29.113], [79.964, 29.1064], [79.9565, 29.0797], [79.9567, 29.0652], [79.9604, 29.0634], [79.965, 29.0543], [79.973, 29.0492], [79.9646, 29.0425], [79.9484, 29.039], [79.9396, 29.0399], [79.9218, 29.0262], [79.9174, 29.026], [79.9165, 29.0297], [79.9142, 29.0294], [79.9141, 29.0247], [79.9088, 29.0219], [79.9079, 29.0158], [79.9031, 29.0129], [79.903, 29.0077], [79.899, 29.0049], [79.9038, 29.0047], [79.9047, 29.0024], [79.8958, 28.9972], [79.8993, 28.9904], [79.8955, 28.9879], [79.8886, 28.9939], [79.8879, 28.989], [79.8828, 28.9899], [79.8813, 28.985], [79.8836, 28.9823], [79.8801, 28.9806], [79.8834, 28.9792], [79.8792, 28.975], [79.8745, 28.976], [79.8764, 28.9813], [79.8744, 28.9841], [79.8785, 28.9868], [79.8781, 28.9894], [79.8763, 28.9882], [79.8751, 28.9911], [79.8719, 28.9915], [79.8668, 28.9982], [79.8651, 29.0057], [79.8591, 29.0095], [79.8478, 29.001], [79.8501, 28.9975], [79.8462, 28.9934], [79.8398, 28.9901], [79.8379, 28.9914], [79.8411, 28.9936], [79.8398, 28.9967], [79.8386, 28.9938], [79.8324, 28.9928], [79.8319, 28.9902], [79.8304, 28.9916], [79.8256, 28.9897], [79.828, 28.9854], [79.8168, 28.982], [79.8149, 28.9886], [79.8106, 28.9861], [79.8088, 28.9879], [79.8081, 28.9982], [79.7976, 29.0034], [79.7997, 29.011], [79.8083, 29.0117], [79.8024, 29.0211], [79.8002, 29.0188], [79.7918, 29.0192], [79.7912, 29.0234], [79.7756, 29.0212], [79.7735, 29.0233], [79.7753, 29.0249], [79.78, 29.0241], [79.78, 29.0267], [79.7664, 29.0337], [79.757, 29.0284], [79.7502, 29.0285], [79.7532, 29.023], [79.7492, 29.022], [79.7283, 29.0231], [79.7227, 29.0273], [79.7121, 29.0277], [79.7061, 29.0349], [79.6974, 29.0405], [79.6968, 29.0482], [79.6903, 29.0553], [79.6529, 29.0724], [79.6483, 29.0707], [79.6461, 29.0616], [79.6361, 29.0576], [79.6345, 29.0504], [79.6306, 29.0476], [79.5929, 29.0473], [79.5926, 29.0505], [79.587, 29.0554], [79.5795, 29.057], [79.5383, 29.0574], [79.5295, 29.0553], [79.4761, 29.0545], [79.4492, 29.0505], [79.4278, 29.0555], [79.3928, 29.0857], [79.3627, 29.1037], [79.3624, 29.1207], [79.351, 29.1176], [79.3511, 29.1299], [79.3422, 29.1319], [79.3469, 29.1394], [79.3453, 29.1408], [79.3376, 29.1416], [79.3322, 29.132], [79.2816, 29.1667], [79.2765, 29.1779], [79.2671, 29.1837], [79.2618, 29.1906], [79.2662, 29.1891], [79.2694, 29.1947], [79.2619, 29.1989], [79.2578, 29.1961], [79.2538, 29.2043], [79.2574, 29.2151], [79.2732, 29.2287], [79.2843, 29.2447], [79.2511, 29.2478], [79.2051, 29.2585], [79.1748, 29.2664], [79.1745, 29.27], [79.1697, 29.2701], [79.1414, 29.2811], [79.1241, 29.2746], [79.1161, 29.265], [79.1087, 29.2655], [79.0962, 29.2825], [79.0888, 29.2806], [79.0853, 29.276], [79.0573, 29.2689], [79.043, 29.2717], [79.0298, 29.2905], [79.0245, 29.3212], [79.015, 29.3223], [79.0022, 29.3167], [78.9938, 29.3203], [78.9906, 29.3139], [78.9864, 29.3136], [78.9798, 29.3207], [78.9693, 29.3242], [78.9574, 29.3343], [78.9411, 29.3409], [78.9371, 29.3458], [78.9104, 29.3506], [78.9026, 29.3499], [78.8957, 29.3463], [78.8884, 29.3564], [78.8851, 29.3514], [78.8789, 29.3495], [78.8745, 29.3541], [78.8656, 29.3548], [78.8612, 29.3589]]]}}, {"type": "Feature", "properties": {"district": "Pauri Garhwal"}, "geometry": {"type": "Polygon", "coordinates": [[[79.0291, 29.5856], [79.0236, 29.5801], [79.0113, 29.5824], [79.0107, 29.5689], [79.0004, 29.5586], [79.0076, 29.5527], [79.0066, 29.5499], [78.9956, 29.5489], [78.9844, 29.5407], [78.9726, 29.5354], [78.9647, 29.5152], [78.9647, 29.502], [78.9617, 29.494], [78.9655, 29.4895], [78.9573, 29.4733], [78.954, 29.4606], [78.943, 29.4498], [78.9322, 29.4467], [78.9311, 29.4406], [78.9248, 29.4386], [78.9226, 29.4308], [78.902, 29.438], [78.8748, 29.442], [78.8424, 29.4539], [78.8291, 29.4551], [78.8127, 29.4627], [78.8023, 29.4608], [78.7747, 29.4769], [78.7615, 29.4868], [78.7576, 29.4923], [78.7439, 29.4982], [78.7069, 29.4979], [78.6548, 29.5405], [78.6399, 29.5437], [78.6261, 29.553], [78.6213, 29.5538], [78.5978, 29.5707], [78.569, 29.5958], [78.549, 29.62], [78.5425, 29.6231], [78.5235, 29.6545], [78.5256, 29.6696], [78.5223, 29.6788], [78.5248, 29.6896], [78.5212, 29.6988], [78.5186, 29.7175], [78.5098, 29.7251], [78.4947, 29.7329], [78.4647, 29.7388], [78.4496, 29.7455], [78.4303, 29.761], [78.4135, 29.7598], [78.3955, 29.7637], [78.335, 29.7941], [78.3214, 29.8304], [78.3167, 29.8616], [78.2862, 29.8811], [78.2779, 29.8933], [78.2718, 29.8948], [78.268, 29.9005], [78.277, 29.9166], [78.2755, 29.9199], [78.2736, 29.9219], [78.2519, 29.9258], [78.2046, 29.9621], [78.211, 29.9749], [78.2191, 29.9829], [78.2269, 29.9826], [78.233, 29.9859], [78.2343, 29.9949], [78.2296, 30.0036], [78.2293, 30.0129], [78.2357, 30.0162], [78.2496, 30.0173], [78.2488, 30.0356], [78.251, 30.0399], [78.2525, 30.0415], [78.2551, 30.0392], [78.2582, 30.0429], [78.2665, 30.045], [78.283, 30.0572], [78.2964, 30.0834], [78.2932, 30.0949], [78.3109, 30.101], [78.3133, 30.1064], [78.3115, 30.1138], [78.3145, 30.1179], [78.3238, 30.1222], [78.3313, 30.1204], [78.3338, 30.1287], [78.3428, 30.1314], [78.3754, 30.1132], [78.3834, 30.1181], [78.3928, 30.1186], [78.3949, 30.1236], [78.3936, 30.1317], [78.4093, 30.1336], [78.421, 30.1259], [78.4255, 30.1107], [78.441, 30.1082], [78.4359, 30.0952], [78.4363, 30.0776], [78.4533, 30.0657], [78.4696, 30.0609], [78.4796, 30.0624], [78.4821, 30.0517], [78.4908, 30.0551], [78.4951, 30.0684], [78.4987, 30.0718], [78.503, 30.07], [78.5012, 30.0599], [78.5133, 30.0517], [78.5164, 30.0547], [78.5166, 30.0628], [78.5253, 30.0626], [78.5252, 30.0679], [78.5283, 30.0715], [78.5351, 30.0723], [78.5521, 30.0669], [78.5652, 30.0655], [78.5681, 30.0583], [78.5803, 30.059], [78.5859, 30.0498], [78.5894, 30.049], [78.592, 30.0504], [78.5915, 30.0594], [78.5934, 30.0626], [78.6019, 30.0612], [78.6044, 30.064], [78.5917, 30.0689], [78.5851, 30.0684], [78.5855, 30.0726], [78.5946, 30.0831], [78.5814, 30.1003], [78.5834, 30.1025], [78.5883, 30.1014], [78.5907, 30.1043], [78.5896, 30.1183], [78.6001, 30.1204], [78.6034, 30.123], [78.5982, 30.1284], [78.5993, 30.1485], [78.6054, 30.1468], [78.6094, 30.1418], [78.6107, 30.1452], [78.6185, 30.1462], [78.6224, 30.1528], [78.6237, 30.1754], [78.6474, 30.1911], [78.645, 30.1999], [78.6492, 30.2041], [78.6663, 30.2125], [78.6815, 30.2138], [78.6854, 30.2174], [78.6821, 30.2288], [78.6846, 30.235], [78.6886, 30.2354], [78.6938, 30.2311], [78.7013, 30.2326], [78.7077, 30.2279], [78.7142, 30.2289], [78.718, 30.2335], [78.7205, 30.2291], [78.7493, 30.2098], [78.7568, 30.214], [78.7632, 30.2138], [78.766, 30.2237], [78.7685, 30.2253], [78.7805, 30.2248], [78.7877, 30.228], [78.7999, 30.2192], [78.8097, 30.2192], [78.8097, 30.2253], [78.8224, 30.2291], [78.8201, 30.2368], [78.8272, 30.2427], [78.8324, 30.2379], [78.8462, 30.2385], [78.8505, 30.2432], [78.8614, 30.2398], [78.8776, 30.2495], [78.8802, 30.2565], [78.8841, 30.2576], [78.9065, 30.2409], [78.906, 30.2367], [78.8989, 30.234], [78.9118, 30.2293], [78.9162, 30.2144], [78.9172, 30.202], [78.9106, 30.2014], [78.9085, 30.2078], [78.9021, 30.2078], [78.9026, 30.2018], [78.8949, 30.2036], [78.8931, 30.2005], [78.9002, 30.1919], [78.8908, 30.1888], [78.8923, 30.1859], [78.9045, 30.1823], [78.9032, 30.1723], [78.9074, 30.1651], [78.9919, 30.1835], [79.0179, 30.1967], [79.0285, 30.1981], [79.0433, 30.2115], [79.0425, 30.2159], [79.0462, 30.211], [79.0499, 30.2103], [79.0558, 30.2124], [79.0639, 30.2112], [79.0713, 30.2138], [79.0726, 30.2164], [79.0775, 30.2166], [79.0903, 30.2115], [79.0961, 30.212], [79.1034, 30.2073], [79.0972, 30.202], [79.0999, 30.1927], [79.1048, 30.1916], [79.1105, 30.1857], [79.1147, 30.1855], [79.1246, 30.1761], [79.1292, 30.1772], [79.128, 30.1659], [79.1411, 30.163], [79.1426, 30.1576], [79.1463, 30.1554], [79.1455, 30.1513], [79.1372, 30.1453], [79.1345, 30.137], [79.1368, 30.1341], [79.1363, 30.1147], [79.1458, 30.1096], [79.1538, 30.1083], [79.1564, 30.0954], [79.1634, 30.089], [79.1751, 30.0927], [79.1811, 30.0876], [79.1884, 30.0874], [79.1957, 30.08], [79.2052, 30.0599], [79.196, 30.0555], [79.1912, 30.0439], [79.1911, 30.0339], [79.1935, 30.0321], [79.2044, 30.0319], [79.2118, 30.0278], [79.2129, 30.0241], [79.2195, 30.0193], [79.2183, 30.0072], [79.225, 29.9974], [79.226, 29.9872], [79.221, 29.9822], [79.2345, 29.9638], [79.2341, 29.9587], [79.2285, 29.9489], [79.2296, 29.9431], [79.2238, 29.9425], [79.2194, 29.9371], [79.2163, 29.9364], [79.211, 29.9394], [79.207, 29.9359], [79.2004, 29.9422], [79.195, 29.9407], [79.1915, 29.9196], [79.1796, 29.9038], [79.1744, 29.9037], [79.1726, 29.9077], [79.1625, 29.9125], [79.1419, 29.9033], [79.1295, 29.903], [79.1286, 29.8976], [79.122, 29.8917], [79.1082, 29.8898], [79.1032, 29.8865], [79.0947, 29.8893], [79.0874, 29.8873], [79.0815, 29.8824], [79.0794, 29.8734], [79.0728, 29.8688], [79.0693, 29.8591], [79.0746, 29.8559], [79.0859, 29.8539], [79.0941, 29.8468], [79.0987, 29.8456], [79.1029, 29.8399], [79.1043, 29.8328], [79.1133, 29.828], [79.1169, 29.8138], [79.1225, 29.8063], [79.1209, 29.7989], [79.1259, 29.7922], [79.1268, 29.7831], [79.1295, 29.7807], [79.1261, 29.7715], [79.1227, 29.7687], [79.1176, 29.7665], [79.1123, 29.7731], [79.1147, 29.7554], [79.1124, 29.7504], [79.1132, 29.7393], [79.1105, 29.7358], [79.112, 29.7277], [79.1141, 29.7278], [79.1204, 29.7199], [79.1184, 29.716], [79.122, 29.7169], [79.1237, 29.7144], [79.1223, 29.7062], [79.1181, 29.7059], [79.1152, 29.7004], [79.1076, 29.6952], [79.1097, 29.6897], [79.1127, 29.6875], [79.1151, 29.689], [79.1171, 29.6878], [79.1164, 29.6814], [79.1186, 29.6794], [79.1116, 29.6726], [79.1113, 29.6613], [79.1083, 29.6568], [79.1045, 29.6588], [79.1061, 29.6639], [79.1037, 29.669], [79.0994, 29.6703], [79.09, 29.6594], [79.081, 29.6361], [79.0834, 29.6297], [79.0874, 29.6284], [79.0832, 29.6235], [79.081, 29.6129], [79.0739, 29.6185], [79.0695, 29.6174], [79.07, 29.6134], [79.0673, 29.6084], [79.0645, 29.6075], [79.0646, 29.6019], [79.0616, 29.6], [79.065, 29.5956], [79.0631, 29.5848], [79.0571, 29.5831], [79.0476, 29.5878], [79.0388, 29.5818], [79.0291, 29.5856]]]}}, {"type": "Feature", "properties": {"district": "Pithoragarh"}, "geometry": {"type": "Polygon", "coordinates": [[[80.067, 29.5245], [80.0686, 29.5345], [80.0521, 29.5418], [80.0495, 29.5377], [80.0439, 29.5383], [80.038, 29.5414], [80.0387, 29.5449], [80.0335, 29.548], [80.0131, 29.5479], [80.0082, 29.554], [80.0014, 29.5571], [80.0009, 29.5686], [79.9941, 29.5844], [79.9952, 29.5902], [79.9902, 29.6036], [79.9905, 29.6097], [79.9859, 29.6122], [79.9847, 29.6205], [79.9725, 29.6389], [79.9723, 29.6443], [79.9608, 29.6525], [79.9658, 29.6599], [79.9599, 29.6645], [79.9603, 29.6739], [79.9483, 29.6821], [79.9446, 29.6774], [79.9414, 29.6845], [79.9304, 29.6909], [79.9274, 29.6962], [79.9209, 29.6929], [79.9104, 29.696], [79.9059, 29.6943], [79.8975, 29.7007], [79.8917, 29.7002], [79.8962, 29.7097], [79.8941, 29.7145], [79.8696, 29.7358], [79.8357, 29.7457], [79.8295, 29.755], [79.8293, 29.7652], [79.8228, 29.7694], [79.8256, 29.7734], [79.8248, 29.7771], [79.8274, 29.777], [79.8482, 29.7725], [79.8561, 29.7647], [79.8719, 29.7631], [79.877, 29.7689], [79.8888, 29.7714], [79.895, 29.7904], [79.9005, 29.7873], [79.9065, 29.7946], [79.911, 29.7931], [79.9123, 29.7853], [79.9143, 29.7854], [79.9137, 29.7888], [79.9339, 29.7866], [79.931, 29.7832], [79.9348, 29.7686], [79.9333, 29.7629], [79.9446, 29.7605], [79.9649, 29.7611], [79.9781, 29.7557], [79.9891, 29.7597], [80.0005, 29.7677], [80.0309, 29.7832], [80.0383, 29.7916], [80.0327, 29.8129], [80.0, 29.8317], [79.9966, 29.835], [79.9961, 29.8413], [79.9847, 29.837], [79.9812, 29.8396], [79.9785, 29.8378], [79.9787, 29.848], [80.0006, 29.8472], [80.0098, 29.8572], [80.0108, 29.8946], [80.0141, 29.9029], [80.0359, 29.8995], [80.0537, 29.8937], [80.0686, 29.8956], [80.0833, 29.9005], [80.0944, 29.8976], [80.1061, 29.8893], [80.1239, 29.8944], [80.136, 29.8922], [80.1557, 29.8944], [80.1596, 29.9104], [80.1575, 29.9253], [80.1451, 29.9376], [80.1218, 29.9535], [80.0999, 29.9723], [80.0787, 29.984], [80.0735, 29.9976], [80.0754, 30.0068], [80.0701, 30.0161], [80.0773, 30.0366], [80.0775, 30.0437], [80.0864, 30.0601], [80.0812, 30.0794], [80.0863, 30.0928], [80.0844, 30.0944], [80.0842, 30.108], [80.0891, 30.1197], [80.0978, 30.1278], [80.1063, 30.1463], [80.1055, 30.1615], [80.1126, 30.1882], [80.1094, 30.1957], [80.1145, 30.2025], [80.1197, 30.2166], [80.118, 30.2237], [80.0948, 30.2231], [80.0791, 30.2351], [80.0748, 30.2432], [80.0761, 30.2499], [80.073, 30.2541], [80.0746, 30.2594], [80.0702, 30.2631], [80.0638, 30.2624], [80.0626, 30.2669], [80.066, 30.2747], [80.07, 30.2777], [80.0504, 30.2833], [80.0439, 30.2873], [80.0378, 30.2989], [80.0266, 30.3104], [79.9891, 30.313], [79.9982, 30.3321], [79.9984, 30.348], [80.0012, 30.3538], [79.9993, 30.3619], [80.0103, 30.3654], [80.0194, 30.3785], [80.0347, 30.3891], [80.0335, 30.3934], [80.0398, 30.4028], [80.0396, 30.4059], [80.032, 30.4105], [80.036, 30.422], [80.035, 30.4291], [80.0397, 30.4366], [80.0396, 30.4403], [80.0223, 30.4452], [80.0244, 30.4518], [80.0172, 30.4616], [80.0109, 30.4655], [80.0119, 30.4708], [80.0224, 30.4776], [80.0178, 30.4819], [80.0175, 30.4885], [80.0114, 30.491], [80.0155, 30.4962], [80.015, 30.5003], [80.0094, 30.5027], [80.009, 30.5167], [80.006, 30.5241], [79.999, 30.5292], [79.9986, 30.5357], [80.0035, 30.5453], [80.0141, 30.5574], [80.0145, 30.5709], [80.0213, 30.575], [80.0248, 30.5833], [80.0428, 30.5921], [80.0447, 30.5949], [80.0421, 30.6047], [80.0315, 30.6123], [80.0382, 30.6175], [80.0325, 30.6254], [80.0357, 30.6319], [80.0242, 30.6366], [80.0175, 30.6449], [80.0191, 30.6539], [80.0162, 30.6619], [80.0091, 30.6635], [80.0032, 30.6733], [79.986, 30.6861], [79.9884, 30.689], [79.9814, 30.7063], [79.9879, 30.7045], [79.9957, 30.7126], [80.0203, 30.7233], [80.0282, 30.7309], [80.0448, 30.7299], [80.0601, 30.724], [80.0824, 30.7258], [80.0899, 30.7242], [80.0962, 30.7199], [80.1033, 30.7216], [80.1049, 30.7263], [80.0982, 30.7379], [80.0996, 30.7432], [80.0908, 30.7543], [80.0903, 30.7634], [80.0878, 30.7667], [80.0874, 30.7712], [80.0936, 30.7808], [80.1021, 30.7898], [80.1152, 30.7773], [80.1187, 30.7793], [80.1217, 30.7776], [80.1289, 30.7781], [80.1333, 30.7854], [80.144, 30.7856], [80.1422, 30.789], [80.1456, 30.7912], [80.1563, 30.7877], [80.16, 30.7943], [80.1599, 30.8051], [80.1632, 30.8079], [80.1741, 30.8059], [80.1761, 30.8089], [80.1818, 30.806], [80.1884, 30.7904], [80.1946, 30.7863], [80.1977, 30.7792], [80.2052, 30.7787], [80.2047, 30.7745], [80.1984, 30.7696], [80.198, 30.7662], [80.2024, 30.7609], [80.2117, 30.7564], [80.2148, 30.7498], [80.2194, 30.7485], [80.2323, 30.757], [80.2405, 30.7588], [80.2429, 30.7452], [80.2463, 30.7413], [80.2514, 30.7401], [80.2521, 30.7289], [80.2497, 30.72], [80.2515, 30.7166], [80.2422, 30.7085], [80.2352, 30.7054], [80.2349, 30.6873], [80.2, 30.6823], [80.1992, 30.6689], [80.1949, 30.6633], [80.2038, 30.652], [80.2222, 30.6379], [80.2217, 30.6303], [80.2142, 30.6232], [80.2163, 30.6185], [80.2135, 30.6154], [80.2191, 30.6074], [80.2167, 30.6053], [80.2109, 30.5851], [80.2136, 30.5813], [80.22, 30.5795], [80.2244, 30.5752], [80.2375, 30.577], [80.2563, 30.5615], [80.2639, 30.5651], [80.2709, 30.5636], [80.2853, 30.5664], [80.3173, 30.5613], [80.3247, 30.5401], [80.3365, 30.5323], [80.3411, 30.5213], [80.3477, 30.517], [80.3667, 30.5242], [80.3781, 30.5208], [80.3815, 30.5157], [80.3877, 30.5142], [80.4013, 30.5153], [80.4119, 30.5216], [80.4196, 30.5206], [80.4175, 30.5162], [80.4194, 30.5134], [80.4306, 30.51], [80.4338, 30.5047], [80.4452, 30.4981], [80.447, 30.4938], [80.4557, 30.493], [80.4676, 30.4869], [80.4855, 30.4868], [80.491, 30.481], [80.4993, 30.4839], [80.5078, 30.4714], [80.5201, 30.4677], [80.5253, 30.4623], [80.5284, 30.4538], [80.5416, 30.445], [80.5492, 30.4445], [80.5595, 30.4496], [80.5652, 30.4555], [80.5659, 30.4595], [80.5759, 30.4599], [80.5841, 30.4643], [80.5967, 30.4634], [80.5996, 30.4672], [80.607, 30.4671], [80.6135, 30.455], [80.6251, 30.4583], [80.6379, 30.4465], [80.6426, 30.4462], [80.6591, 30.4385], [80.6684, 30.4295], [80.6778, 30.4253], [80.6775, 30.4195], [80.6865, 30.4166], [80.6903, 30.4102], [80.7005, 30.4091], [80.7043, 30.4127], [80.7086, 30.4133], [80.7177, 30.4089], [80.728, 30.3983], [80.7346, 30.3965], [80.7498, 30.3819], [80.7512, 30.3756], [80.7623, 30.3687], [80.7654, 30.369], [80.7772, 30.3579], [80.7797, 30.3519], [80.787, 30.35], [80.7859, 30.3416], [80.7921, 30.3352], [80.802, 30.33], [80.804, 30.3201], [80.8195, 30.3188], [80.8262, 30.3114], [80.834, 30.3097], [80.8476, 30.3141], [80.8644, 30.3103], [80.8732, 30.3029], [80.8741, 30.2986], [80.8856, 30.2963], [80.8942, 30.2996], [80.9087, 30.3004], [80.9085, 30.2929], [80.9153, 30.285], [80.9275, 30.2802], [80.9321, 30.2751], [80.9263, 30.2701], [80.9268, 30.2657], [80.9362, 30.2594], [80.9403, 30.2635], [80.9528, 30.2672], [80.9612, 30.2662], [80.983, 30.2687], [80.9871, 30.2656], [80.9951, 30.2646], [81.0225, 30.2462], [81.0341, 30.2343], [81.0289, 30.233], [81.0258, 30.2269], [81.0294, 30.2257], [81.0292, 30.2197], [81.0402, 30.2154], [81.0457, 30.2073], [81.0287, 30.1954], [81.0237, 30.1963], [81.0121, 30.1935], [81.0023, 30.1866], [80.986, 30.1861], [80.9734, 30.1892], [80.9686, 30.1861], [80.9592, 30.1855], [80.9402, 30.1798], [80.9259, 30.1876], [80.9233, 30.2009], [80.9278, 30.2128], [80.9202, 30.2267], [80.9102, 30.2232], [80.9023, 30.2141], [80.8969, 30.212], [80.8841, 30.1946], [80.8854, 30.1882], [80.8801, 30.1812], [80.8681, 30.1757], [80.8622, 30.1695], [80.8715, 30.1609], [80.8708, 30.1532], [80.8787, 30.133], [80.8776, 30.1285], [80.8623, 30.1211], [80.8552, 30.1206], [80.8449, 30.1163], [80.8419, 30.1105], [80.8464, 30.1066], [80.8452, 30.102], [80.8365, 30.0972], [80.8294, 30.0971], [80.8263, 30.0999], [80.8226, 30.0998], [80.8155, 30.0963], [80.814, 30.093], [80.8057, 30.0895], [80.7996, 30.0808], [80.7899, 30.0731], [80.7795, 30.0566], [80.7613, 30.0495], [80.7559, 30.0396], [80.7577, 30.0238], [80.7448, 30.004], [80.7382, 29.9995], [80.7196, 30.0003], [80.7124, 29.9902], [80.6901, 29.9742], [80.6827, 29.9629], [80.6742, 29.9572], [80.6486, 29.9559], [80.638, 29.9629], [80.6299, 29.9651], [80.6088, 29.9586], [80.6044, 29.959], [80.5955, 29.953], [80.5816, 29.9366], [80.5743, 29.9235], [80.5698, 29.909], [80.5727, 29.8953], [80.566, 29.8792], [80.557, 29.8706], [80.5616, 29.8661], [80.5544, 29.8615], [80.5515, 29.8563], [80.5527, 29.8503], [80.5486, 29.8501], [80.5438, 29.8463], [80.539, 29.8471], [80.5359, 29.8387], [80.5313, 29.8382], [80.5283, 29.8335], [80.5239, 29.8321], [80.5218, 29.827], [80.5074, 29.8231], [80.4975, 29.8116], [80.5004, 29.8087], [80.4928, 29.802], [80.4934, 29.7955], [80.4797, 29.7957], [80.464, 29.8023], [80.4543, 29.8024], [80.4491, 29.7992], [80.4443, 29.7991], [80.4355, 29.8061], [80.429, 29.7981], [80.4161, 29.7957], [80.4132, 29.7918], [80.407, 29.7945], [80.4072, 29.784], [80.4038, 29.7818], [80.4047, 29.7784], [80.4, 29.7738], [80.3965, 29.7651], [80.3976, 29.7593], [80.3945, 29.7583], [80.3902, 29.7604], [80.3853, 29.7585], [80.3859, 29.7504], [80.3725, 29.7492], [80.3681, 29.7507], [80.3642, 29.7402], [80.3698, 29.7344], [80.3662, 29.7299], [80.3665, 29.724], [80.3756, 29.72], [80.3721, 29.7153], [80.3772, 29.7025], [80.38, 29.701], [80.3805, 29.6886], [80.3853, 29.6851], [80.3846, 29.6744], [80.3902, 29.6711], [80.391, 29.6642], [80.3991, 29.6624], [80.3982, 29.6589], [80.4061, 29.6599], [80.4101, 29.6537], [80.416, 29.6525], [80.4141, 29.6443], [80.4203, 29.6391], [80.4212, 29.6302], [80.4182, 29.6264], [80.4111, 29.6254], [80.4086, 29.6214], [80.4083, 29.6151], [80.4058, 29.6129], [80.409, 29.6048], [80.4078, 29.5949], [80.3915, 29.5816], [80.388, 29.5718], [80.3792, 29.5715], [80.3789, 29.5613], [80.3637, 29.5641], [80.3641, 29.5566], [80.3428, 29.5529], [80.3457, 29.5486], [80.3419, 29.5403], [80.3486, 29.5405], [80.3581, 29.5326], [80.3555, 29.5278], [80.3486, 29.5242], [80.3499, 29.5193], [80.3454, 29.5137], [80.3414, 29.51], [80.3324, 29.5129], [80.3288, 29.5054], [80.3144, 29.4993], [80.3133, 29.4842], [80.3042, 29.486], [80.2998, 29.4906], [80.2933, 29.4788], [80.287, 29.4771], [80.288, 29.4725], [80.2967, 29.4606], [80.3035, 29.455], [80.3017, 29.4515], [80.2973, 29.4507], [80.2945, 29.4537], [80.2884, 29.45], [80.2861, 29.4517], [80.2802, 29.4508], [80.2787, 29.4538], [80.2805, 29.4576], [80.2762, 29.4584], [80.2696, 29.455], [80.2748, 29.4524], [80.2744, 29.4494], [80.2702, 29.4506], [80.267, 29.4484], [80.258, 29.4516], [80.2556, 29.4477], [80.2451, 29.4462], [80.2435, 29.4413], [80.2157, 29.4499], [80.207, 29.4487], [80.1976, 29.4566], [80.1848, 29.4541], [80.1809, 29.462], [80.1694, 29.4612], [80.1634, 29.4653], [80.1641, 29.4694], [80.1619, 29.4716], [80.1513, 29.4684], [80.1504, 29.4752], [80.143, 29.4802], [80.1425, 29.4833], [80.127, 29.4904], [80.1275, 29.4944], [80.1322, 29.4993], [80.1302, 29.504], [80.1134, 29.5126], [80.1099, 29.519], [80.1032, 29.5204], [80.0964, 29.516], [80.0871, 29.5188], [80.0805, 29.5179], [80.067, 29.5245]]]}}, {"type": "Feature", "properties": {"district": "Rudraprayag"}, "geometry": {"type": "Polygon", "coordinates": [[[79.0475, 30.808], [79.0654, 30.8059], [79.0745, 30.7971], [79.0844, 30.7819], [79.0955, 30.7755], [79.1113, 30.774], [79.1293, 30.7677], [79.1336, 30.7577], [79.1444, 30.7439], [79.1584, 30.7521], [79.1666, 30.7528], [79.1847, 30.7463], [79.1992, 30.7373], [79.2015, 30.7298], [79.2098, 30.7338], [79.2443, 30.7291], [79.2465, 30.7303], [79.2508, 30.7286], [79.2577, 30.7187], [79.2653, 30.7182], [79.2702, 30.7206], [79.2968, 30.7187], [79.3027, 30.7028], [79.3018, 30.6905], [79.3068, 30.6855], [79.3079, 30.6802], [79.3077, 30.6764], [79.3051, 30.6751], [79.3119, 30.6686], [79.317, 30.669], [79.322, 30.6655], [79.3262, 30.6658], [79.3311, 30.6612], [79.3332, 30.6548], [79.348, 30.6505], [79.3573, 30.64], [79.3583, 30.6278], [79.3563, 30.6216], [79.3499, 30.6196], [79.3482, 30.6102], [79.3506, 30.6063], [79.3486, 30.6025], [79.3434, 30.6006], [79.3412, 30.593], [79.3346, 30.5898], [79.3203, 30.5907], [79.3094, 30.5848], [79.3022, 30.5635], [79.2971, 30.5571], [79.277, 30.5598], [79.2747, 30.5625], [79.2662, 30.5637], [79.2586, 30.5624], [79.2567, 30.5592], [79.2482, 30.5554], [79.2486, 30.5494], [79.2436, 30.5448], [79.2475, 30.533], [79.2306, 30.5218], [79.2271, 30.5003], [79.2285, 30.4952], [79.2245, 30.4879], [79.2195, 30.4843], [79.2092, 30.4826], [79.1933, 30.4733], [79.1894, 30.4684], [79.1884, 30.4587], [79.182, 30.4562], [79.1758, 30.4454], [79.1683, 30.4427], [79.1676, 30.4372], [79.1767, 30.4255], [79.1745, 30.4116], [79.1668, 30.4078], [79.1674, 30.3843], [79.164, 30.38], [79.1509, 30.3742], [79.1457, 30.3769], [79.1388, 30.376], [79.1253, 30.383], [79.1144, 30.3847], [79.0981, 30.3777], [79.0985, 30.3667], [79.1029, 30.3592], [79.1019, 30.3337], [79.0988, 30.3183], [79.0874, 30.289], [79.0984, 30.2799], [79.0921, 30.2768], [79.0905, 30.2802], [79.0888, 30.2783], [79.083, 30.281], [79.0819, 30.2662], [79.0798, 30.2652], [79.0858, 30.2442], [79.0861, 30.2237], [79.0882, 30.2168], [79.0921, 30.2129], [79.0872, 30.2127], [79.0783, 30.2172], [79.0726, 30.2164], [79.0713, 30.2138], [79.0639, 30.2112], [79.0558, 30.2124], [79.0499, 30.2103], [79.0462, 30.211], [79.0425, 30.2159], [79.0433, 30.2115], [79.0285, 30.1981], [79.0179, 30.1967], [78.9919, 30.1835], [78.9074, 30.1651], [78.9032, 30.1723], [78.9045, 30.1823], [78.893, 30.1855], [78.8907, 30.1881], [78.8932, 30.1908], [78.9002, 30.1919], [78.8931, 30.2005], [78.8949, 30.2036], [78.9026, 30.2018], [78.9021, 30.2078], [78.9085, 30.2078], [78.9106, 30.2014], [78.9172, 30.202], [78.9124, 30.2282], [78.8996, 30.2328], [78.8989, 30.2347], [78.906, 30.2367], [78.9072, 30.2394], [78.8991, 30.2468], [78.8955, 30.2622], [78.8834, 30.2655], [78.8854, 30.2686], [78.8748, 30.275], [78.8758, 30.2823], [78.8682, 30.2871], [78.86, 30.2969], [78.8627, 30.3047], [78.8613, 30.3127], [78.8704, 30.3197], [78.8738, 30.3271], [78.8763, 30.3498], [78.8374, 30.3537], [78.8405, 30.3602], [78.8385, 30.3674], [78.8408, 30.3724], [78.837, 30.3805], [78.8382, 30.3872], [78.8177, 30.3978], [78.8463, 30.4255], [78.8486, 30.4339], [78.8456, 30.4464], [78.8531, 30.4526], [78.8445, 30.4638], [78.8237, 30.4808], [78.8342, 30.4805], [78.8409, 30.4877], [78.8529, 30.4875], [78.862, 30.4958], [78.871, 30.5091], [78.8684, 30.5135], [78.8715, 30.5145], [78.8646, 30.5262], [78.8651, 30.5379], [78.8612, 30.5482], [78.8687, 30.5573], [78.8654, 30.5624], [78.8734, 30.5685], [78.8757, 30.575], [78.8919, 30.5823], [78.8938, 30.5904], [78.8888, 30.5995], [78.8996, 30.6098], [78.9049, 30.6118], [78.906, 30.619], [78.9126, 30.6262], [78.91, 30.6303], [78.9082, 30.6507], [78.9128, 30.6604], [78.9115, 30.6649], [78.9148, 30.6723], [78.9129, 30.6863], [78.9183, 30.6909], [78.9187, 30.6977], [78.9268, 30.7121], [78.9329, 30.7163], [78.9466, 30.7176], [78.9509, 30.7211], [78.9543, 30.7297], [78.9633, 30.7316], [78.9746, 30.727], [78.9872, 30.7304], [78.9943, 30.7281], [78.9977, 30.7302], [79.0007, 30.7397], [79.0052, 30.7405], [79.0022, 30.7452], [79.0206, 30.7463], [79.0299, 30.7627], [79.0331, 30.806], [79.0475, 30.808]]]}}, {"type": "Feature", "properties": {"district": "Tehri Garhwal"}, "geometry": {"type": "Polygon", "coordinates": [[[78.3012, 30.1119], [78.302, 30.1141], [78.2842, 30.1256], [78.28, 30.1255], [78.2575, 30.1349], [78.259, 30.148], [78.263, 30.1579], [78.244, 30.1622], [78.2357, 30.1817], [78.2455, 30.1877], [78.2454, 30.1942], [78.2479, 30.1972], [78.2508, 30.2001], [78.2567, 30.2009], [78.2589, 30.2061], [78.2663, 30.2127], [78.2752, 30.2186], [78.2859, 30.2188], [78.2992, 30.2298], [78.3018, 30.2423], [78.2946, 30.2474], [78.2806, 30.2678], [78.2847, 30.2724], [78.2834, 30.2797], [78.2866, 30.2882], [78.2698, 30.2987], [78.2647, 30.2911], [78.2658, 30.2884], [78.2599, 30.2817], [78.2433, 30.2847], [78.2391, 30.2837], [78.239, 30.2957], [78.2274, 30.3027], [78.2161, 30.305], [78.2113, 30.2888], [78.2031, 30.2898], [78.1967, 30.2982], [78.1871, 30.2977], [78.1835, 30.301], [78.1718, 30.3026], [78.1596, 30.3157], [78.1452, 30.3212], [78.14, 30.3349], [78.1355, 30.3402], [78.1413, 30.3452], [78.1409, 30.3541], [78.1459, 30.3639], [78.1568, 30.3701], [78.1602, 30.3757], [78.1702, 30.3804], [78.1773, 30.3784], [78.1828, 30.3835], [78.1873, 30.3837], [78.1858, 30.3863], [78.1933, 30.3884], [78.2009, 30.3949], [78.2274, 30.4023], [78.2364, 30.4089], [78.2413, 30.4157], [78.2411, 30.42], [78.2326, 30.4244], [78.2313, 30.4231], [78.2282, 30.4301], [78.2188, 30.4356], [78.2171, 30.4344], [78.1931, 30.4451], [78.1818, 30.4459], [78.171, 30.4411], [78.1666, 30.442], [78.1619, 30.4489], [78.1521, 30.4541], [78.1425, 30.4524], [78.1343, 30.4558], [78.1245, 30.4653], [78.1174, 30.4681], [78.1086, 30.4672], [78.1064, 30.4749], [78.0975, 30.4741], [78.0964, 30.4705], [78.0916, 30.4691], [78.0824, 30.4698], [78.0829, 30.4628], [78.0772, 30.4639], [78.0743, 30.4671], [78.0721, 30.4662], [78.0721, 30.4727], [78.0618, 30.4725], [78.0584, 30.4738], [78.0581, 30.4778], [78.0472, 30.4807], [78.0413, 30.4784], [78.042, 30.4689], [78.0377, 30.4655], [78.0387, 30.4619], [78.0345, 30.4632], [78.0324, 30.4698], [78.0236, 30.4717], [78.0253, 30.4746], [78.0234, 30.4766], [78.0165, 30.4801], [78.0105, 30.4797], [77.9999, 30.4749], [78.0017, 30.4636], [77.9978, 30.4622], [77.9926, 30.4643], [77.9898, 30.4626], [77.983, 30.4716], [77.9783, 30.4716], [77.9756, 30.4812], [77.9591, 30.4855], [77.9406, 30.5004], [77.9392, 30.5074], [77.9507, 30.508], [77.9492, 30.516], [77.951, 30.517], [77.959, 30.5111], [77.9651, 30.5106], [77.9695, 30.506], [77.9772, 30.5102], [77.9838, 30.5057], [77.9904, 30.5115], [77.9893, 30.5144], [77.9815, 30.5133], [77.9791, 30.5173], [77.9782, 30.5216], [77.9819, 30.5225], [77.9871, 30.5205], [77.9884, 30.5225], [77.9835, 30.5275], [77.9777, 30.5257], [77.9769, 30.534], [77.9853, 30.5363], [77.9866, 30.5478], [77.9829, 30.5518], [77.9909, 30.5518], [77.9941, 30.5561], [78.0023, 30.5564], [78.0065, 30.5624], [78.0051, 30.5689], [78.0125, 30.5767], [78.0113, 30.5861], [78.0127, 30.5889], [78.0166, 30.5884], [78.0124, 30.596], [78.0156, 30.6036], [78.0149, 30.6129], [78.0279, 30.6091], [78.042, 30.5976], [78.046, 30.5974], [78.0771, 30.6032], [78.0673, 30.6196], [78.089, 30.6304], [78.0954, 30.6282], [78.1032, 30.6316], [78.1171, 30.6305], [78.1262, 30.6344], [78.127, 30.6368], [78.135, 30.6305], [78.1425, 30.6283], [78.1563, 30.6319], [78.1653, 30.6227], [78.1643, 30.6168], [78.1728, 30.6006], [78.1664, 30.5967], [78.1666, 30.5847], [78.1772, 30.5814], [78.1853, 30.5827], [78.2074, 30.574], [78.2383, 30.5832], [78.2458, 30.5925], [78.2429, 30.5971], [78.2507, 30.6077], [78.2604, 30.6035], [78.2641, 30.6042], [78.2702, 30.61], [78.279, 30.6087], [78.2984, 30.5903], [78.3012, 30.5906], [78.3005, 30.5859], [78.3034, 30.5836], [78.2948, 30.5784], [78.2903, 30.5687], [78.304, 30.5609], [78.299, 30.5589], [78.2884, 30.5602], [78.2869, 30.5568], [78.2889, 30.5494], [78.2921, 30.5483], [78.296, 30.5524], [78.3089, 30.5532], [78.3142, 30.5557], [78.3147, 30.5604], [78.3065, 30.5689], [78.3194, 30.5705], [78.327, 30.5569], [78.3308, 30.5573], [78.3298, 30.5553], [78.335, 30.5601], [78.341, 30.5603], [78.3411, 30.5491], [78.3475, 30.5467], [78.3447, 30.5422], [78.3516, 30.5298], [78.3586, 30.5309], [78.3568, 30.5262], [78.3624, 30.5186], [78.3692, 30.5175], [78.3729, 30.5144], [78.3775, 30.5146], [78.3957, 30.5025], [78.394, 30.4951], [78.3983, 30.4929], [78.3985, 30.4904], [78.4064, 30.4871], [78.4058, 30.4804], [78.4089, 30.4767], [78.4075, 30.4675], [78.4173, 30.4645], [78.4126, 30.4711], [78.4181, 30.4864], [78.4254, 30.4904], [78.4271, 30.5022], [78.4245, 30.5047], [78.4284, 30.5079], [78.427, 30.5231], [78.432, 30.5263], [78.4338, 30.5395], [78.4375, 30.5405], [78.4408, 30.5496], [78.4395, 30.5599], [78.4365, 30.5603], [78.436, 30.5656], [78.431, 30.5697], [78.4291, 30.5793], [78.4337, 30.6022], [78.4428, 30.6153], [78.4646, 30.6169], [78.4765, 30.6245], [78.5008, 30.6091], [78.5096, 30.5987], [78.5108, 30.5941], [78.5152, 30.5913], [78.5112, 30.5838], [78.5072, 30.5828], [78.5017, 30.577], [78.4976, 30.5374], [78.4999, 30.5273], [78.5055, 30.5281], [78.5208, 30.5242], [78.5319, 30.5279], [78.5418, 30.5237], [78.5488, 30.5296], [78.546, 30.5481], [78.5508, 30.5552], [78.5517, 30.57], [78.5587, 30.5758], [78.5618, 30.5856], [78.5795, 30.5985], [78.5754, 30.6028], [78.5841, 30.6122], [78.5866, 30.6185], [78.5969, 30.6231], [78.5994, 30.6272], [78.5983, 30.6454], [78.6022, 30.668], [78.5965, 30.6705], [78.5943, 30.6745], [78.5872, 30.677], [78.5914, 30.6848], [78.598, 30.6879], [78.6041, 30.6879], [78.6134, 30.6824], [78.6226, 30.6875], [78.6252, 30.6849], [78.6327, 30.6858], [78.6389, 30.6809], [78.6582, 30.686], [78.6605, 30.6891], [78.6588, 30.6987], [78.6627, 30.7035], [78.6838, 30.7099], [78.6971, 30.7119], [78.7006, 30.7106], [78.7164, 30.7229], [78.7215, 30.7301], [78.73, 30.7264], [78.7423, 30.7124], [78.7541, 30.7071], [78.7604, 30.7146], [78.7728, 30.7184], [78.8046, 30.7195], [78.8076, 30.7213], [78.81, 30.716], [78.8138, 30.7212], [78.8324, 30.7284], [78.8382, 30.7352], [78.8503, 30.7339], [78.857, 30.7485], [78.8551, 30.7682], [78.8521, 30.775], [78.8585, 30.7922], [78.8564, 30.8029], [78.8646, 30.8129], [78.8529, 30.8324], [78.8518, 30.8435], [78.8615, 30.8546], [78.8711, 30.859], [78.8751, 30.8719], [78.8846, 30.8741], [78.898, 30.8673], [78.9098, 30.869], [78.9196, 30.8744], [78.9271, 30.8746], [78.928, 30.8703], [78.9344, 30.8701], [78.9414, 30.8648], [78.9478, 30.8501], [78.9538, 30.8519], [78.973, 30.8491], [78.9967, 30.8576], [79.0007, 30.8554], [79.0138, 30.8448], [79.0196, 30.8295], [79.0331, 30.806], [79.0299, 30.7627], [79.0206, 30.7463], [79.0022, 30.7452], [79.0052, 30.7405], [79.0007, 30.7397], [78.9977, 30.7302], [78.9943, 30.7281], [78.9872, 30.7304], [78.9746, 30.727], [78.9633, 30.7316], [78.9543, 30.7297], [78.9509, 30.7211], [78.9466, 30.7176], [78.9329, 30.7163], [78.9268, 30.7121], [78.9187, 30.6977], [78.9183, 30.6909], [78.9129, 30.6863], [78.9148, 30.6723], [78.9115, 30.6649], [78.9128, 30.6604], [78.9082, 30.6507], [78.91, 30.6303], [78.9126, 30.6262], [78.906, 30.619], [78.9049, 30.6118], [78.8996, 30.6098], [78.8888, 30.5995], [78.8938, 30.5904], [78.8919, 30.5823], [78.8757, 30.575], [78.8734, 30.5685], [78.8654, 30.5624], [78.8687, 30.5573], [78.8612, 30.5482], [78.8651, 30.5379], [78.8646, 30.5262], [78.8715, 30.5145], [78.8684, 30.5135], [78.871, 30.5091], [78.862, 30.4958], [78.8529, 30.4875], [78.8409, 30.4877], [78.8342, 30.4805], [78.8237, 30.4808], [78.8445, 30.4638], [78.8531, 30.4526], [78.8456, 30.4464], [78.8486, 30.4339], [78.8463, 30.4255], [78.8177, 30.3978], [78.8382, 30.3872], [78.837, 30.3805], [78.8408, 30.3724], [78.8385, 30.3674], [78.8405, 30.3602], [78.8374, 30.3537], [78.8763, 30.3498], [78.8738, 30.3271], [78.8704, 30.3197], [78.8613, 30.3127], [78.8627, 30.3047], [78.86, 30.2969], [78.8682, 30.2871], [78.8758, 30.2823], [78.8748, 30.275], [78.8854, 30.2686], [78.8834, 30.2655], [78.8955, 30.2622], [78.8991, 30.2468], [78.8821, 30.2576], [78.8783, 30.25], [78.8614, 30.2398], [78.8505, 30.2432], [78.8462, 30.2385], [78.8324, 30.2379], [78.8272, 30.2427], [78.8201, 30.2368], [78.8224, 30.2291], [78.8097, 30.2253], [78.8097, 30.2192], [78.7999, 30.2192], [78.7877, 30.228], [78.7805, 30.2248], [78.7685, 30.2253], [78.766, 30.2237], [78.7632, 30.2138], [78.7568, 30.214], [78.7493, 30.2098], [78.7205, 30.2291], [78.718, 30.2335], [78.7142, 30.2289], [78.7077, 30.2279], [78.7013, 30.2326], [78.6938, 30.2311], [78.6886, 30.2354], [78.6846, 30.235], [78.6821, 30.2288], [78.6854, 30.2174], [78.6815, 30.2138], [78.6663, 30.2125], [78.6492, 30.2041], [78.645, 30.1999], [78.6474, 30.1911], [78.6237, 30.1754], [78.6224, 30.1528], [78.6185, 30.1462], [78.6107, 30.1452], [78.6094, 30.1418], [78.6054, 30.1468], [78.5993, 30.1485], [78.5982, 30.1284], [78.6034, 30.123], [78.6001, 30.1204], [78.5896, 30.1183], [78.5907, 30.1043], [78.5883, 30.1014], [78.5834, 30.1025], [78.5814, 30.1003], [78.5946, 30.0831], [78.5855, 30.0726], [78.5851, 30.0684], [78.5917, 30.0689], [78.6044, 30.0646], [78.6019, 30.0612], [78.5934, 30.0626], [78.5907, 30.0492], [78.5859, 30.0498], [78.5803, 30.059], [78.5681, 30.0583], [78.5652, 30.0655], [78.5521, 30.0669], [78.5351, 30.0723], [78.5283, 30.0715], [78.5252, 30.0679], [78.5253, 30.0626], [78.5166, 30.0628], [78.5164, 30.0547], [78.5133, 30.0517], [78.5012, 30.0599], [78.503, 30.07], [78.4987, 30.0718], [78.4951, 30.0684], [78.4908, 30.0551], [78.4821, 30.0517], [78.4796, 30.0624], [78.4696, 30.0609], [78.4533, 30.0657], [78.4363, 30.0776], [78.4359, 30.0952], [78.441, 30.1082], [78.4255, 30.1107], [78.421, 30.1259], [78.4093, 30.1336], [78.3936, 30.1317], [78.3949, 30.1236], [78.3928, 30.1186], [78.3834, 30.1181], [78.3754, 30.1132], [78.3411, 30.1313], [78.3336, 30.1285], [78.3313, 30.1204], [78.3238, 30.1222], [78.3174, 30.12], [78.3117, 30.1142], [78.3118, 30.1113], [78.3012, 30.1119]]]}}, {"type": "Feature", "properties": {"district": "Udham Singh Nagar"}, "geometry": {"type": "Polygon", "coordinates": [[[78.8745, 29.3541], [78.8789, 29.3495], [78.8851, 29.3514], [78.8884, 29.3564], [78.8957, 29.3463], [78.9026, 29.3499], [78.9104, 29.3506], [78.9371, 29.3458], [78.9411, 29.3409], [78.9574, 29.3343], [78.9693, 29.3242], [78.9798, 29.3207], [78.9864, 29.3136], [78.9906, 29.3139], [78.9938, 29.3203], [79.0022, 29.3167], [79.015, 29.3223], [79.0245, 29.3212], [79.0298, 29.2905], [79.043, 29.2717], [79.0573, 29.2689], [79.0853, 29.276], [79.0888, 29.2806], [79.0962, 29.2825], [79.1087, 29.2655], [79.1161, 29.265], [79.1241, 29.2746], [79.1414, 29.2811], [79.1697, 29.2701], [79.1745, 29.27], [79.1748, 29.2664], [79.2051, 29.2585], [79.2511, 29.2478], [79.2843, 29.2447], [79.2732, 29.2287], [79.2581, 29.2166], [79.2538, 29.2043], [79.2586, 29.1953], [79.2619, 29.1989], [79.2694, 29.1947], [79.2662, 29.1891], [79.2618, 29.1906], [79.2671, 29.1837], [79.2765, 29.1779], [79.2816, 29.1667], [79.3322, 29.132], [79.3376, 29.1416], [79.3453, 29.1408], [79.3469, 29.1394], [79.3422, 29.1319], [79.3511, 29.1299], [79.351, 29.1176], [79.3624, 29.1207], [79.3627, 29.1037], [79.3928, 29.0857], [79.4251, 29.0565], [79.4492, 29.0505], [79.4761, 29.0545], [79.5295, 29.0553], [79.5383, 29.0574], [79.5795, 29.057], [79.587, 29.0554], [79.5926, 29.0505], [79.5929, 29.0473], [79.6306, 29.0476], [79.6345, 29.0504], [79.6361, 29.0576], [79.6461, 29.0616], [79.6483, 29.0707], [79.6529, 29.0724], [79.6903, 29.0553], [79.6968, 29.0482], [79.6974, 29.0405], [79.7061, 29.0349], [79.7121, 29.0277], [79.7227, 29.0273], [79.7283, 29.0231], [79.7492, 29.022], [79.7532, 29.023], [79.7502, 29.0285], [79.757, 29.0284], [79.7664, 29.0337], [79.78, 29.0267], [79.78, 29.0241], [79.7753, 29.0249], [79.7735, 29.0233], [79.7756, 29.0212], [79.7912, 29.0234], [79.7918, 29.0192], [79.8002, 29.0188], [79.8024, 29.0211], [79.8083, 29.0117], [79.7997, 29.011], [79.7976, 29.0034], [79.8081, 28.9982], [79.8088, 28.9879], [79.8106, 28.9861], [79.8149, 28.9886], [79.8168, 28.982], [79.828, 28.9854], [79.8256, 28.9897], [79.8304, 28.9916], [79.8319, 28.9902], [79.8324, 28.9928], [79.8386, 28.9938], [79.8398, 28.9967], [79.8411, 28.9936], [79.8379, 28.9914], [79.8398, 28.9901], [79.8462, 28.9934], [79.8501, 28.9975], [79.8478, 29.001], [79.8591, 29.0095], [79.8651, 29.0057], [79.8668, 28.9982], [79.8719, 28.9915], [79.8751, 28.9911], [79.8763, 28.9882], [79.8781, 28.9894], [79.8785, 28.9868], [79.8744, 28.9841], [79.8764, 28.9813], [79.8745, 28.976], [79.8792, 28.975], [79.8834, 28.9792], [79.8801, 28.9806], [79.8836, 28.9823], [79.8813, 28.985], [79.8828, 28.9899], [79.8879, 28.989], [79.8886, 28.9939], [79.8955, 28.9879], [79.8993, 28.9904], [79.8958, 28.9972], [79.9047, 29.0024], [79.9038, 29.0047], [79.899, 29.0049], [79.903, 29.0077], [79.9031, 29.0129], [79.9079, 29.0158], [79.9088, 29.0219], [79.9141, 29.0247], [79.9142, 29.0294], [79.9165, 29.0297], [79.9174, 29.026], [79.9218, 29.0262], [79.9396, 29.0399], [79.949, 29.0391], [79.9685, 29.0446], [79.9841, 29.0619], [79.9989, 29.0632], [80.0079, 29.0686], [80.0193, 29.0886], [80.0223, 29.0769], [80.0341, 29.0573], [80.0371, 29.05], [80.0354, 29.0499], [80.0503, 29.0218], [80.0551, 29.0049], [80.061, 28.9996], [80.0566, 28.9937], [80.0571, 28.9906], [80.0528, 28.9889], [80.053, 28.9794], [80.0553, 28.9787], [80.0606, 28.968], [80.0805, 28.9544], [80.0778, 28.9538], [80.0769, 28.945], [80.0586, 28.9165], [80.0604, 28.8977], [80.0582, 28.8941], [80.0613, 28.8869], [80.0649, 28.8374], [80.0711, 28.8295], [80.0463, 28.8037], [80.0442, 28.7974], [80.0379, 28.7937], [80.0484, 28.7846], [80.0526, 28.777], [80.047, 28.7634], [80.0469, 28.7571], [80.0257, 28.7312], [80.0003, 28.7109], [79.9799, 28.7095], [79.9649, 28.7114], [79.9409, 28.72], [79.9344, 28.7266], [79.9336, 28.7389], [79.9238, 28.7531], [79.9222, 28.7572], [79.9242, 28.7588], [79.9198, 28.7677], [79.9319, 28.776], [79.9367, 28.7764], [79.9421, 28.7833], [79.9355, 28.7869], [79.9287, 28.7861], [79.9267, 28.7828], [79.9206, 28.7824], [79.92, 28.7787], [79.9115, 28.7814], [79.9096, 28.7787], [79.9033, 28.7785], [79.9, 28.7822], [79.8863, 28.7865], [79.885, 28.7915], [79.8752, 28.7941], [79.8761, 28.7989], [79.8715, 28.8046], [79.8749, 28.8055], [79.8815, 28.8123], [79.8979, 28.8048], [79.9, 28.8019], [79.9081, 28.7994], [79.9177, 28.8005], [79.9127, 28.8083], [79.9162, 28.815], [79.8951, 28.8177], [79.8964, 28.8201], [79.8939, 28.8222], [79.8963, 28.8272], [79.8922, 28.8296], [79.8919, 28.8321], [79.8853, 28.8338], [79.8855, 28.8306], [79.8836, 28.8291], [79.8818, 28.8305], [79.8806, 28.8269], [79.8791, 28.8294], [79.8752, 28.8288], [79.8762, 28.8338], [79.8737, 28.836], [79.8726, 28.8344], [79.8651, 28.8368], [79.861, 28.8288], [79.8625, 28.8274], [79.8565, 28.8238], [79.8536, 28.825], [79.8543, 28.8225], [79.8482, 28.819], [79.8489, 28.8135], [79.8543, 28.8111], [79.8483, 28.8063], [79.8527, 28.8059], [79.8543, 28.7976], [79.8504, 28.7959], [79.8473, 28.7972], [79.8481, 28.801], [79.8435, 28.8005], [79.8402, 28.7979], [79.8399, 28.7941], [79.836, 28.7952], [79.8289, 28.7916], [79.8266, 28.7951], [79.825, 28.792], [79.8225, 28.7923], [79.817, 28.7994], [79.8152, 28.798], [79.817, 28.7943], [79.8127, 28.7952], [79.8107, 28.7994], [79.8117, 28.8045], [79.8172, 28.8114], [79.8206, 28.81], [79.8227, 28.8041], [79.8257, 28.804], [79.8287, 28.8127], [79.8371, 28.8221], [79.8356, 28.8285], [79.8302, 28.8258], [79.8275, 28.8271], [79.8308, 28.8309], [79.8275, 28.8367], [79.8342, 28.8349], [79.8365, 28.8368], [79.8324, 28.8507], [79.8349, 28.8515], [79.841, 28.8469], [79.8454, 28.8475], [79.8499, 28.8538], [79.8505, 28.8601], [79.847, 28.8629], [79.8473, 28.8698], [79.8435, 28.8742], [79.8402, 28.8745], [79.8403, 28.8688], [79.8336, 28.8691], [79.8317, 28.8706], [79.8325, 28.8796], [79.8205, 28.8841], [79.8175, 28.8828], [79.8191, 28.8822], [79.8168, 28.8788], [79.8025, 28.8831], [79.7969, 28.8809], [79.7902, 28.8683], [79.7836, 28.8678], [79.7693, 28.8731], [79.7622, 28.8672], [79.7514, 28.8681], [79.7512, 28.8661], [79.7483, 28.8658], [79.746, 28.8562], [79.7389, 28.8554], [79.737, 28.8529], [79.7268, 28.8575], [79.7205, 28.8423], [79.7157, 28.8475], [79.7107, 28.8477], [79.7055, 28.8377], [79.6982, 28.84], [79.7003, 28.845], [79.6991, 28.8501], [79.6842, 28.8513], [79.6779, 28.8559], [79.6725, 28.8547], [79.664, 28.8587], [79.6666, 28.8622], [79.6566, 28.8664], [79.656, 28.8647], [79.648, 28.8636], [79.6454, 28.8596], [79.6362, 28.8632], [79.6332, 28.8594], [79.6257, 28.8625], [79.6208, 28.8574], [79.6115, 28.8616], [79.6113, 28.8591], [79.6049, 28.856], [79.6013, 28.8563], [79.5992, 28.8539], [79.5952, 28.8549], [79.5922, 28.8507], [79.5837, 28.8549], [79.5818, 28.8594], [79.5893, 28.8712], [79.588, 28.876], [79.5921, 28.8836], [79.5865, 28.888], [79.5858, 28.8929], [79.5789, 28.8911], [79.5793, 28.8971], [79.564, 28.9037], [79.561, 28.8967], [79.5497, 28.8889], [79.5498, 28.8855], [79.5445, 28.8814], [79.5412, 28.8742], [79.5335, 28.8723], [79.53, 28.869], [79.5259, 28.8713], [79.5194, 28.8718], [79.5184, 28.8692], [79.5148, 28.8703], [79.5146, 28.8731], [79.5063, 28.8774], [79.4883, 28.8757], [79.4864, 28.8692], [79.4753, 28.8723], [79.4722, 28.8712], [79.4612, 28.876], [79.4598, 28.8724], [79.4556, 28.8724], [79.4549, 28.8687], [79.4508, 28.8663], [79.435, 28.871], [79.4342, 28.8781], [79.4404, 28.8915], [79.4371, 28.8975], [79.4325, 28.8978], [79.4338, 28.902], [79.4315, 28.9048], [79.4364, 28.9156], [79.4347, 28.9166], [79.4371, 28.9172], [79.4345, 28.9181], [79.4365, 28.9196], [79.4345, 28.9216], [79.4364, 28.9207], [79.4374, 28.9242], [79.4252, 28.9322], [79.4285, 28.9377], [79.4282, 28.9444], [79.4249, 28.9457], [79.4249, 28.9488], [79.4172, 28.9566], [79.4139, 28.9537], [79.3998, 28.9519], [79.3946, 28.9561], [79.3911, 28.9693], [79.3924, 28.9721], [79.3865, 28.976], [79.387, 28.9803], [79.3817, 28.9917], [79.3771, 28.9911], [79.3717, 28.9859], [79.3704, 28.9764], [79.3747, 28.9751], [79.3742, 28.9726], [79.3653, 28.9723], [79.3477, 28.9765], [79.3303, 28.9765], [79.3217, 28.9815], [79.3195, 28.9761], [79.3222, 28.9737], [79.3204, 28.9744], [79.3165, 28.9711], [79.3076, 28.9776], [79.3013, 28.9785], [79.2683, 28.997], [79.2573, 29.0077], [79.2605, 29.0132], [79.258, 29.0116], [79.254, 29.0125], [79.2385, 29.0192], [79.2213, 29.0312], [79.2138, 29.024], [79.2072, 29.0252], [79.2041, 29.0237], [79.2005, 29.0266], [79.2003, 29.0227], [79.2042, 29.0202], [79.2035, 29.0185], [79.195, 29.0208], [79.1903, 29.016], [79.1834, 29.0167], [79.1868, 29.0204], [79.1786, 29.0211], [79.1779, 29.0237], [79.1751, 29.0218], [79.1764, 29.0242], [79.1736, 29.0259], [79.1752, 29.028], [79.1724, 29.0306], [79.173, 29.0338], [79.1772, 29.0318], [79.1752, 29.0364], [79.1777, 29.0363], [79.1803, 29.0419], [79.1765, 29.0446], [79.1793, 29.0443], [79.1793, 29.0472], [79.182, 29.0462], [79.1815, 29.0492], [79.185, 29.0501], [79.1851, 29.0524], [79.1723, 29.054], [79.1631, 29.0621], [79.1596, 29.0627], [79.158, 29.0663], [79.1563, 29.0657], [79.1573, 29.0684], [79.1543, 29.0736], [79.1571, 29.0764], [79.1539, 29.0777], [79.1524, 29.087], [79.155, 29.087], [79.1532, 29.0913], [79.1626, 29.0992], [79.1585, 29.1023], [79.1626, 29.1092], [79.1638, 29.1213], [79.1501, 29.1266], [79.1534, 29.1293], [79.1424, 29.1354], [79.1355, 29.1383], [79.1335, 29.1321], [79.1298, 29.1306], [79.1239, 29.1319], [79.1127, 29.1375], [79.0964, 29.1504], [79.0694, 29.1617], [79.0646, 29.1593], [79.0554, 29.1691], [79.0465, 29.1728], [79.0415, 29.1699], [79.0406, 29.1657], [79.0445, 29.1625], [79.0504, 29.1632], [79.0467, 29.1583], [79.0483, 29.1495], [79.0467, 29.1481], [79.0388, 29.1511], [79.0352, 29.1584], [79.0295, 29.1591], [79.0319, 29.149], [79.0261, 29.1389], [79.026, 29.1354], [79.0295, 29.1331], [79.0379, 29.1366], [79.0428, 29.131], [79.0517, 29.1307], [79.0411, 29.1187], [79.0351, 29.1165], [79.0257, 29.121], [79.0184, 29.1152], [79.018, 29.1225], [79.0113, 29.1243], [79.0162, 29.1288], [79.0012, 29.14], [79.0002, 29.1444], [78.9924, 29.1473], [78.9875, 29.1462], [78.9829, 29.1323], [78.9738, 29.1347], [78.9664, 29.125], [78.9442, 29.1343], [78.9359, 29.1226], [78.93, 29.1255], [78.9221, 29.1258], [78.9219, 29.1344], [78.9286, 29.1409], [78.9259, 29.1427], [78.9271, 29.1447], [78.9209, 29.1492], [78.9259, 29.1576], [78.9239, 29.1594], [78.9189, 29.159], [78.9186, 29.1691], [78.9111, 29.174], [78.9143, 29.1777], [78.9184, 29.1776], [78.9192, 29.1815], [78.9139, 29.1831], [78.9074, 29.191], [78.901, 29.2051], [78.8959, 29.2079], [78.891, 29.2047], [78.8845, 29.2098], [78.8933, 29.2157], [78.8881, 29.2183], [78.8896, 29.2229], [78.8847, 29.2234], [78.8811, 29.2272], [78.8858, 29.2291], [78.8834, 29.235], [78.8819, 29.2321], [78.8779, 29.2325], [78.8728, 29.235], [78.8732, 29.2366], [78.8682, 29.2377], [78.8693, 29.2396], [78.8623, 29.242], [78.8587, 29.2366], [78.8491, 29.2463], [78.842, 29.2409], [78.8338, 29.2388], [78.8129, 29.2439], [78.7992, 29.2515], [78.8016, 29.2567], [78.7999, 29.26], [78.7956, 29.2574], [78.783, 29.2664], [78.7798, 29.2709], [78.7819, 29.2771], [78.7735, 29.2845], [78.752, 29.296], [78.7442, 29.3035], [78.7341, 29.3027], [78.728, 29.3076], [78.7285, 29.3109], [78.7316, 29.3084], [78.7351, 29.3103], [78.7443, 29.3072], [78.7412, 29.3181], [78.7418, 29.3218], [78.7452, 29.3228], [78.7431, 29.3263], [78.7503, 29.325], [78.7502, 29.3207], [78.755, 29.3231], [78.7595, 29.3225], [78.7591, 29.3278], [78.7634, 29.332], [78.763, 29.3358], [78.7721, 29.3382], [78.7759, 29.3419], [78.7836, 29.3359], [78.7814, 29.3332], [78.7854, 29.3297], [78.7954, 29.3302], [78.8005, 29.3352], [78.8028, 29.3342], [78.8049, 29.3297], [78.7992, 29.3199], [78.807, 29.3158], [78.8095, 29.3231], [78.8188, 29.3245], [78.813, 29.3301], [78.8125, 29.3354], [78.8093, 29.339], [78.8201, 29.344], [78.8316, 29.362], [78.835, 29.3722], [78.8408, 29.3726], [78.8355, 29.3707], [78.8368, 29.3591], [78.8503, 29.3495], [78.8657, 29.3531], [78.8656, 29.3548], [78.8745, 29.3541]]]}}, {"type": "Feature", "properties": {"district": "Uttarkashi"}, "geometry": {"type": "Polygon", "coordinates": [[[78.3192, 31.2777], [78.3204, 31.2753], [78.3342, 31.2739], [78.3421, 31.2789], [78.3544, 31.277], [78.3722, 31.2825], [78.3853, 31.2793], [78.3883, 31.2681], [78.3984, 31.2716], [78.3993, 31.2634], [78.4093, 31.2526], [78.405, 31.2448], [78.409, 31.2389], [78.4179, 31.2367], [78.4232, 31.2408], [78.4284, 31.2412], [78.4349, 31.2507], [78.4387, 31.2506], [78.4456, 31.241], [78.4521, 31.2372], [78.4578, 31.2378], [78.4639, 31.2326], [78.475, 31.215], [78.4818, 31.2108], [78.4861, 31.1956], [78.5008, 31.1944], [78.5458, 31.2094], [78.5883, 31.2185], [78.62, 31.2168], [78.7494, 31.1839], [78.7662, 31.182], [78.777, 31.1841], [78.7983, 31.1929], [78.8108, 31.1945], [78.8172, 31.1906], [78.818, 31.1858], [78.8113, 31.1769], [78.8116, 31.1681], [78.8257, 31.1599], [78.8236, 31.154], [78.828, 31.1488], [78.8318, 31.137], [78.839, 31.1344], [78.8416, 31.1266], [78.8487, 31.1212], [78.8658, 31.1162], [78.8732, 31.1052], [78.8838, 31.0961], [78.8917, 31.0931], [78.9013, 31.096], [78.9097, 31.0952], [78.9132, 31.0982], [78.9139, 31.1043], [78.9225, 31.107], [78.9267, 31.1058], [78.9332, 31.0969], [78.9402, 31.0977], [78.9544, 31.0944], [78.9637, 31.0974], [78.9738, 31.1044], [78.999, 31.1062], [79.0078, 31.1162], [79.0088, 31.1256], [79.0051, 31.1301], [78.9916, 31.1343], [78.9882, 31.1399], [78.9916, 31.1443], [78.989, 31.1504], [78.9912, 31.1573], [78.9868, 31.1699], [78.9797, 31.1755], [78.9737, 31.1761], [78.9582, 31.1831], [78.9589, 31.1869], [78.9488, 31.1946], [78.9446, 31.2028], [78.9494, 31.2094], [78.9485, 31.213], [78.9296, 31.2134], [78.9269, 31.2194], [78.9227, 31.2219], [78.9173, 31.2437], [78.9437, 31.2911], [78.9651, 31.3223], [78.9855, 31.3356], [79.0007, 31.3359], [79.0181, 31.3439], [79.0176, 31.3509], [79.0204, 31.3537], [79.0154, 31.3565], [79.0098, 31.3746], [79.0176, 31.3841], [79.0151, 31.4036], [79.0187, 31.4203], [79.0236, 31.4191], [79.0248, 31.4233], [79.0391, 31.4262], [79.0436, 31.4259], [79.0494, 31.4188], [79.0532, 31.423], [79.0607, 31.4225], [79.0693, 31.434], [79.068, 31.443], [79.0736, 31.4523], [79.0852, 31.4423], [79.0982, 31.4479], [79.1049, 31.4428], [79.1069, 31.4385], [79.1183, 31.4333], [79.1413, 31.4297], [79.1411, 31.4222], [79.1469, 31.41], [79.1545, 31.4042], [79.1562, 31.3998], [79.1705, 31.3927], [79.1704, 31.3872], [79.1757, 31.3803], [79.1688, 31.37], [79.1691, 31.3574], [79.1809, 31.3543], [79.1905, 31.3491], [79.2147, 31.3458], [79.222, 31.3374], [79.2272, 31.3362], [79.2351, 31.33], [79.2226, 31.3202], [79.2191, 31.3087], [79.2244, 31.3056], [79.2278, 31.2977], [79.2452, 31.2911], [79.2488, 31.2878], [79.2479, 31.2789], [79.2447, 31.271], [79.2373, 31.2652], [79.2303, 31.2633], [79.2237, 31.2568], [79.2417, 31.2462], [79.2526, 31.2448], [79.2618, 31.2359], [79.2706, 31.2344], [79.2853, 31.2356], [79.2893, 31.2329], [79.2913, 31.2232], [79.2968, 31.222], [79.3025, 31.216], [79.3062, 31.2055], [79.3063, 31.1862], [79.3112, 31.1703], [79.3067, 31.1659], [79.3174, 31.1425], [79.3308, 31.1291], [79.3418, 31.1291], [79.3448, 31.1227], [79.3519, 31.121], [79.3541, 31.1184], [79.3669, 31.1198], [79.3707, 31.114], [79.3783, 31.1097], [79.3926, 31.1137], [79.41, 31.11], [79.4166, 31.103], [79.4182, 31.0958], [79.4196, 31.0806], [79.4069, 31.0746], [79.4021, 31.0649], [79.3914, 31.0639], [79.387, 31.0594], [79.3868, 31.0521], [79.3784, 31.0496], [79.3727, 31.0443], [79.3693, 31.0355], [79.355, 31.0276], [79.3452, 31.0275], [79.3377, 31.0238], [79.3247, 31.0221], [79.3105, 31.01], [79.3104, 31.0018], [79.3224, 30.9962], [79.3285, 30.9802], [79.3245, 30.9683], [79.3178, 30.9611], [79.2984, 30.968], [79.2766, 30.9606], [79.2698, 30.9546], [79.2769, 30.9404], [79.2852, 30.9358], [79.2749, 30.8989], [79.278, 30.8776], [79.2631, 30.8667], [79.2256, 30.8141], [79.2328, 30.7988], [79.2914, 30.7463], [79.2818, 30.7342], [79.2824, 30.7284], [79.2794, 30.7228], [79.2769, 30.72], [79.2577, 30.7187], [79.2508, 30.7286], [79.2465, 30.7303], [79.2443, 30.7291], [79.2098, 30.7338], [79.2015, 30.7298], [79.1992, 30.7373], [79.1847, 30.7463], [79.1666, 30.7528], [79.1584, 30.7521], [79.1441, 30.744], [79.1336, 30.7577], [79.1293, 30.7677], [79.1113, 30.774], [79.0955, 30.7755], [79.0844, 30.7819], [79.0745, 30.7971], [79.0654, 30.8059], [79.0475, 30.808], [79.0331, 30.806], [79.0196, 30.8295], [79.0138, 30.8448], [78.9969, 30.8575], [78.9789, 30.8499], [78.9719, 30.8491], [78.9538, 30.8519], [78.9478, 30.8501], [78.9414, 30.8648], [78.9344, 30.8701], [78.928, 30.8703], [78.9271, 30.8746], [78.9196, 30.8744], [78.9098, 30.869], [78.898, 30.8673], [78.8846, 30.8741], [78.8751, 30.8719], [78.8711, 30.859], [78.8615, 30.8546], [78.8518, 30.8435], [78.8529, 30.8324], [78.8646, 30.8129], [78.8564, 30.8029], [78.8585, 30.7922], [78.8521, 30.775], [78.8551, 30.7682], [78.857, 30.7485], [78.8519, 30.7352], [78.8497, 30.7338], [78.8382, 30.7352], [78.8324, 30.7284], [78.8138, 30.7212], [78.81, 30.716], [78.8076, 30.7213], [78.8046, 30.7195], [78.7728, 30.7184], [78.7604, 30.7146], [78.7541, 30.7071], [78.7423, 30.7124], [78.73, 30.7264], [78.7215, 30.7301], [78.7164, 30.7229], [78.7006, 30.7106], [78.6971, 30.7119], [78.6838, 30.7099], [78.6627, 30.7035], [78.6588, 30.6987], [78.6605, 30.6891], [78.6582, 30.686], [78.6389, 30.6809], [78.6327, 30.6858], [78.6252, 30.6849], [78.6226, 30.6875], [78.6134, 30.6824], [78.6041, 30.6879], [78.598, 30.6879], [78.5918, 30.6851], [78.5872, 30.677], [78.5943, 30.6745], [78.5965, 30.6705], [78.6022, 30.668], [78.5983, 30.6454], [78.5994, 30.6272], [78.5969, 30.6231], [78.5866, 30.6185], [78.5841, 30.6122], [78.5754, 30.6028], [78.5795, 30.5985], [78.5618, 30.5856], [78.5587, 30.5758], [78.5517, 30.57], [78.5508, 30.5552], [78.546, 30.5481], [78.5488, 30.5296], [78.5418, 30.5237], [78.5319, 30.5279], [78.5208, 30.5242], [78.5055, 30.5281], [78.4999, 30.5273], [78.4976, 30.5374], [78.5017, 30.577], [78.5072, 30.5828], [78.5112, 30.5838], [78.5152, 30.5913], [78.5108, 30.5941], [78.5096, 30.5987], [78.5008, 30.6091], [78.4765, 30.6245], [78.4646, 30.6169], [78.4428, 30.6153], [78.4337, 30.6022], [78.4291, 30.5793], [78.431, 30.5697], [78.436, 30.5656], [78.4365, 30.5603], [78.4395, 30.5599], [78.4408, 30.5496], [78.4375, 30.5405], [78.4338, 30.5395], [78.432, 30.5263], [78.427, 30.5231], [78.4284, 30.5079], [78.4245, 30.5047], [78.4271, 30.5022], [78.4258, 30.4917], [78.4181, 30.4864], [78.4125, 30.4706], [78.4173, 30.4645], [78.4154, 30.4642], [78.4075, 30.4675], [78.4089, 30.4767], [78.4058, 30.4804], [78.4064, 30.4871], [78.3985, 30.4904], [78.3983, 30.4929], [78.394, 30.4951], [78.3957, 30.5025], [78.3775, 30.5146], [78.3729, 30.5144], [78.3692, 30.5175], [78.3624, 30.5186], [78.3568, 30.5262], [78.3586, 30.5309], [78.3516, 30.5298], [78.3447, 30.5422], [78.3475, 30.5467], [78.3411, 30.5491], [78.341, 30.5603], [78.335, 30.5601], [78.3298, 30.5553], [78.3308, 30.5573], [78.327, 30.5569], [78.3194, 30.5705], [78.3065, 30.5689], [78.3147, 30.5604], [78.3142, 30.5557], [78.3089, 30.5532], [78.296, 30.5524], [78.2921, 30.5483], [78.2889, 30.5494], [78.2869, 30.5568], [78.2884, 30.5602], [78.299, 30.5589], [78.304, 30.5609], [78.2903, 30.5687], [78.2948, 30.5784], [78.3034, 30.5836], [78.3005, 30.5859], [78.3012, 30.5906], [78.2984, 30.5903], [78.279, 30.6087], [78.2702, 30.61], [78.2641, 30.6042], [78.2604, 30.6035], [78.2507, 30.6077], [78.2429, 30.5971], [78.2458, 30.5925], [78.2383, 30.5832], [78.2074, 30.574], [78.1853, 30.5827], [78.1772, 30.5814], [78.1666, 30.5847], [78.1664, 30.5967], [78.1728, 30.6006], [78.1643, 30.6168], [78.1653, 30.6227], [78.1563, 30.6319], [78.1425, 30.6283], [78.135, 30.6305], [78.127, 30.6368], [78.1262, 30.6344], [78.1171, 30.6305], [78.1032, 30.6316], [78.0954, 30.6282], [78.089, 30.6304], [78.0673, 30.6196], [78.0771, 30.6032], [78.046, 30.5974], [78.042, 30.5976], [78.0279, 30.6091], [78.0149, 30.6129], [78.0104, 30.6168], [78.0105, 30.6212], [78.0159, 30.6248], [78.0118, 30.64], [78.013, 30.6479], [78.0187, 30.6506], [78.0229, 30.65], [78.0342, 30.6414], [78.0449, 30.6497], [78.0498, 30.6578], [78.0637, 30.6621], [78.0685, 30.6698], [78.0692, 30.6821], [78.076, 30.6947], [78.0744, 30.7032], [78.0817, 30.7062], [78.0862, 30.7155], [78.0802, 30.7262], [78.0814, 30.7372], [78.0705, 30.7402], [78.0712, 30.7474], [78.0672, 30.7552], [78.0561, 30.7619], [78.0498, 30.7717], [78.0434, 30.7739], [78.0327, 30.7834], [78.0258, 30.786], [78.0303, 30.7988], [78.0286, 30.8021], [78.0143, 30.8149], [78.0032, 30.8205], [77.9982, 30.8275], [77.9931, 30.8364], [77.9912, 30.8485], [77.9935, 30.8561], [77.9891, 30.8567], [77.9847, 30.8693], [77.9868, 30.8758], [77.9766, 30.886], [77.9818, 30.8971], [77.991, 30.8968], [77.9994, 30.9028], [78.0184, 30.9052], [78.0167, 30.9134], [78.0225, 30.9151], [78.0215, 30.9198], [78.0151, 30.9273], [78.0122, 30.9355], [78.0026, 30.9447], [78.0024, 30.9485], [77.9969, 30.953], [77.9887, 30.9553], [77.9922, 30.9592], [77.9863, 30.9611], [77.9847, 30.9653], [77.9809, 30.9647], [77.9767, 30.9671], [77.9712, 30.9734], [77.9293, 30.9684], [77.9112, 30.9527], [77.9023, 30.9488], [77.8995, 30.952], [77.8863, 30.942], [77.882, 30.9452], [77.8724, 30.9408], [77.8697, 30.9435], [77.8694, 30.9496], [77.8657, 30.9531], [77.8559, 30.9498], [77.8569, 30.9605], [77.8457, 30.9713], [77.846, 30.9754], [77.8411, 30.9775], [77.8427, 30.9834], [77.8409, 30.9864], [77.8453, 30.9915], [77.8404, 30.9949], [77.8395, 31.0009], [77.8331, 31.0076], [77.836, 31.0119], [77.8336, 31.0254], [77.8298, 31.0273], [77.8241, 31.043], [77.8181, 31.0471], [77.8201, 31.0528], [77.8139, 31.0556], [77.8252, 31.0549], [77.8226, 31.0513], [77.8304, 31.0539], [77.8386, 31.0691], [77.8521, 31.0706], [77.8658, 31.0891], [77.8625, 31.0988], [77.8662, 31.1057], [77.8759, 31.1121], [77.8811, 31.1134], [77.8833, 31.1113], [77.8851, 31.1153], [77.894, 31.1179], [77.8911, 31.1282], [77.897, 31.1306], [77.901, 31.1352], [77.9033, 31.1406], [77.9023, 31.1462], [77.9053, 31.1487], [77.9195, 31.15], [77.9268, 31.1465], [77.9467, 31.1579], [77.9549, 31.1581], [77.9559, 31.1616], [77.9633, 31.1679], [77.9702, 31.1691], [77.9872, 31.1533], [77.9942, 31.1568], [78.0093, 31.1569], [78.0221, 31.1472], [78.031, 31.1469], [78.0329, 31.1514], [78.0304, 31.1607], [78.0347, 31.1662], [78.0416, 31.1692], [78.0435, 31.1749], [78.0519, 31.1762], [78.0674, 31.1836], [78.0889, 31.1833], [78.0982, 31.1804], [78.1048, 31.1816], [78.1148, 31.1906], [78.1245, 31.1965], [78.1295, 31.1971], [78.134, 31.2044], [78.1486, 31.2068], [78.1551, 31.2149], [78.1588, 31.2149], [78.161, 31.2216], [78.1881, 31.2232], [78.2016, 31.2134], [78.2157, 31.2176], [78.217, 31.2257], [78.2212, 31.2301], [78.2336, 31.2301], [78.2469, 31.226], [78.2527, 31.23], [78.2516, 31.2366], [78.2622, 31.2361], [78.2645, 31.2417], [78.2715, 31.2456], [78.2714, 31.2485], [78.2783, 31.2576], [78.2851, 31.2624], [78.294, 31.2562], [78.3088, 31.2565], [78.3127, 31.2677], [78.3103, 31.2722], [78.3134, 31.2793], [78.3192, 31.2777]]]}}]}